[
  {
    "idx": "A119BS010141",
    "node_type": "1",
    "junction": [],
    "point": [
      -18.734041597985197,
      1869.25599779794,
      -0.5159996185302731
    ],
    "on_stop_line": true,
    "traffic_light_id": null
  },
  {
    "idx": "A119BS010142",
    "node_type": "1",
    "junction": [],
    "point": [
      24.414958461537026,
      1912.7769977981225,
      -0.57899934387207
    ],
    "on_stop_line": true,
    "traffic_light_id": null
  },
  {
    "idx": "A119BS010143",
    "node_type": "1",
    "junction": [],
    "point": [
      34.5009584769723,
      1903.8919977978803,
      -0.5450008544921872
    ],
    "on_stop_line": true,
    "traffic_light_id": null
  },
  {
    "idx": "A119BS010144",
    "node_type": "10",
    "junction": [],
    "point": [
      30.877958473283798,
      1877.95399779547,
      -0.5779998931884762
    ],
    "on_stop_line": true,
    "traffic_light_id": null
  },
  {
    "idx": "A119BS010145",
    "node_type": "1",
    "junction": [],
    "point": [
      81.291958546557,
      1873.4539978001267,
      -0.48499948120117153
    ],
    "on_stop_line": true,
    "traffic_light_id": null
  },
  {
    "idx": "A119BS010146",
    "node_type": "1",
    "junction": [],
    "point": [
      133.18095863302005,
      1624.7289978009649,
      -0.5059993896484372
    ],
    "on_stop_line": true,
    "traffic_light_id": "C119BS010034"
  },
  {
    "idx": "A119BS010147",
    "node_type": "10",
    "junction": [],
    "point": [
      35.6969584817416,
      1827.3539977986366,
      -0.5199993286132809
    ],
    "on_stop_line": true,
    "traffic_light_id": null
  },
  {
    "idx": "A119BS010148",
    "node_type": "1",
    "junction": [],
    "point": [
      41.63395848852815,
      1916.294997798279,
      -0.539000335693359
    ],
    "on_stop_line": true,
    "traffic_light_id": null
  },
  {
    "idx": "A119BS010149",
    "node_type": "1",
    "junction": [],
    "point": [
      122.35895861778408,
      1608.2489977991208,
      -0.5709999237060543
    ],
    "on_stop_line": true,
    "traffic_light_id": "C119BS010072"
  },
  {
    "idx": "A119BS010150",
    "node_type": "1",
    "junction": [],
    "point": [
      66.91895854234463,
      1506.3139977995306,
      -0.5709999237060543
    ],
    "on_stop_line": true,
    "traffic_light_id": "C119BS010076"
  },
  {
    "idx": "A119BS010151",
    "node_type": "1",
    "junction": [],
    "point": [
      116.67995861923555,
      1367.948997802101,
      -0.5019996795654293
    ],
    "on_stop_line": true,
    "traffic_light_id": "C119BS010074"
  },
  {
    "idx": "A119BS010153",
    "node_type": "1",
    "junction": [],
    "point": [
      173.07595869811485,
      1488.4739977996796,
      -0.5479992065429684
    ],
    "on_stop_line": true,
    "traffic_light_id": null
  },
  {
    "idx": "A119BS010155",
    "node_type": "1",
    "junction": [],
    "point": [
      153.4599586740951,
      1371.473997802008,
      -0.5119999084472653
    ],
    "on_stop_line": true,
    "traffic_light_id": "C119BS010073"
  },
  {
    "idx": "A119BS010156",
    "node_type": "1",
    "junction": [],
    "point": [
      146.09995865193196,
      1611.9519978007302,
      -0.5560005340576168
    ],
    "on_stop_line": false,
    "traffic_light_id": null
  },
  {
    "idx": "A119BS010157",
    "node_type": "7",
    "junction": [],
    "point": [
      106.82295860990416,
      1274.235997798387,
      -0.4940002593994137
    ],
    "on_stop_line": false,
    "traffic_light_id": null
  },
  {
    "idx": "A119BS010158",
    "node_type": "1",
    "junction": [],
    "point": [
      94.18795859121019,
      1259.46899779886,
      -0.552000823974609
    ],
    "on_stop_line": true,
    "traffic_light_id": "C119BS010023"
  },
  {
    "idx": "A119BS010159",
    "node_type": "1",
    "junction": [],
    "point": [
      75.61095856438624,
      1250.3849978018552,
      -0.5280006561279293
    ],
    "on_stop_line": true,
    "traffic_light_id": "C119BS010024"
  },
  {
    "idx": "A119BS010160",
    "node_type": "1",
    "junction": [],
    "point": [
      28.672958497249056,
      1238.575997798238,
      -0.5070007476806637
    ],
    "on_stop_line": true,
    "traffic_light_id": null
  },
  {
    "idx": "A119BS010161",
    "node_type": "1",
    "junction": [],
    "point": [
      73.74395856278716,
      1218.0839977990836,
      -0.5409992370605465
    ],
    "on_stop_line": true,
    "traffic_light_id": "C119BS010012"
  },
  {
    "idx": "A119BS010162",
    "node_type": "1",
    "junction": [],
    "point": [
      85.6429585806909,
      1229.2589978002943,
      -0.5089996490478512
    ],
    "on_stop_line": true,
    "traffic_light_id": "C119BS010021"
  },
  {
    "idx": "A119BS010163",
    "node_type": "1",
    "junction": [],
    "point": [
      116.49395862658275,
      1190.5069978008978,
      -0.5350006256103512
    ],
    "on_stop_line": true,
    "traffic_light_id": "C119BS010040"
  },
  {
    "idx": "A119BS010164",
    "node_type": "1",
    "junction": [],
    "point": [
      105.90195860998938,
      1237.5889977985062,
      -0.4599998626708981
    ],
    "on_stop_line": true,
    "traffic_light_id": "C119BS010022"
  },
  {
    "idx": "A119BS010165",
    "node_type": "1",
    "junction": [],
    "point": [
      37.09395850932924,
      1218.6969978003763,
      -0.5469997558593747
    ],
    "on_stop_line": true,
    "traffic_light_id": null
  },
  {
    "idx": "A119BS010166",
    "node_type": "1",
    "junction": [],
    "point": [
      49.426958528289106,
      1207.8299977988936,
      -0.5040004882812497
    ],
    "on_stop_line": true,
    "traffic_light_id": "C119BS010005"
  },
  {
    "idx": "A119BS010167",
    "node_type": "1",
    "junction": [],
    "point": [
      85.19195858231978,
      1191.9389977972023,
      -0.5189998779296872
    ],
    "on_stop_line": true,
    "traffic_light_id": "C119BS010007"
  },
  {
    "idx": "A119BS010168",
    "node_type": "1",
    "junction": [],
    "point": [
      96.14095859840745,
      1181.884997799527,
      -0.5380008850097653
    ],
    "on_stop_line": true,
    "traffic_light_id": "C119BS010047"
  },
  {
    "idx": "A119BS010169",
    "node_type": "1",
    "junction": [],
    "point": [
      16.861958481487818,
      1210.1319978004321,
      -0.5619991455078122
    ],
    "on_stop_line": true,
    "traffic_light_id": null
  },
  {
    "idx": "A119BS010170",
    "node_type": "1",
    "junction": [],
    "point": [
      34.285958508902695,
      1158.900997797493,
      -0.4809997711181637
    ],
    "on_stop_line": true,
    "traffic_light_id": null
  },
  {
    "idx": "A119BS010171",
    "node_type": "1",
    "junction": [],
    "point": [
      58.814958543807734,
      1180.965997801628,
      -0.47000009155273403
    ],
    "on_stop_line": true,
    "traffic_light_id": "C119BS010001"
  },
  {
    "idx": "A119BS010172",
    "node_type": "1",
    "junction": [],
    "point": [
      45.107958524895366,
      1166.538997800555,
      -0.4860008392333981
    ],
    "on_stop_line": true,
    "traffic_light_id": null
  },
  {
    "idx": "A119BS010173",
    "node_type": "1",
    "junction": [],
    "point": [
      87.58795858675148,
      1141.7769978004508,
      -0.5840004119873043
    ],
    "on_stop_line": true,
    "traffic_light_id": null
  },
  {
    "idx": "A119BS010174",
    "node_type": "1",
    "junction": [],
    "point": [
      103.54695860884385,
      1160.0199978007004,
      -0.595000091552734
    ],
    "on_stop_line": true,
    "traffic_light_id": "C119BS010046"
  },
  {
    "idx": "A119BS010176",
    "node_type": "1",
    "junction": [],
    "point": [
      38.004958513367455,
      1143.3349978011101,
      -0.5040004882812497
    ],
    "on_stop_line": true,
    "traffic_light_id": null
  },
  {
    "idx": "A119BS010184",
    "node_type": "1",
    "junction": [],
    "point": [
      -24.27404157264391,
      1022.6089978003874,
      -0.6269996795654293
    ],
    "on_stop_line": false,
    "traffic_light_id": null
  },
  {
    "idx": "A119BS010185",
    "node_type": "1",
    "junction": [],
    "point": [
      75.07295855414122,
      1473.812997797504,
      -0.4900005493164059
    ],
    "on_stop_line": true,
    "traffic_light_id": "C119BS010075"
  },
  {
    "idx": "A119BS010186",
    "node_type": "1",
    "junction": [],
    "point": [
      89.5169585761032,
      1492.421997800935,
      -0.5089996490478512
    ],
    "on_stop_line": true,
    "traffic_light_id": "C119BS010063"
  },
  {
    "idx": "A119BS010188",
    "node_type": "1",
    "junction": [],
    "point": [
      70.44195854739519,
      1506.351997797843,
      -0.5110004577636715
    ],
    "on_stop_line": true,
    "traffic_light_id": "C119BS010076"
  },
  {
    "idx": "A119BS010189",
    "node_type": "1",
    "junction": [],
    "point": [
      129.83695863938192,
      1384.948997802101,
      -0.6330001983642575
    ],
    "on_stop_line": true,
    "traffic_light_id": "C119BS010039"
  },
  {
    "idx": "A119BS010190",
    "node_type": "1",
    "junction": [],
    "point": [
      173.0709586974699,
      1484.6519978004508,
      -0.6069992218017575
    ],
    "on_stop_line": true,
    "traffic_light_id": null
  },
  {
    "idx": "A119BS010191",
    "node_type": "1",
    "junction": [],
    "point": [
      139.01495864294702,
      1597.1659978004172,
      -0.5150001678466793
    ],
    "on_stop_line": true,
    "traffic_light_id": "C119BS010033"
  },
  {
    "idx": "A119BS010201",
    "node_type": "1",
    "junction": [],
    "point": [
      24.42695846123388,
      1916.2259977967478,
      -0.5569999847412106
    ],
    "on_stop_line": false,
    "traffic_light_id": null
  },
  {
    "idx": "A119BS010202",
    "node_type": "1",
    "junction": [],
    "point": [
      -15.387041594658513,
      1868.695997796487,
      -0.6250007781982418
    ],
    "on_stop_line": false,
    "traffic_light_id": null
  },
  {
    "idx": "A119BS010203",
    "node_type": "10",
    "junction": [],
    "point": [
      39.59695848688716,
      1869.798997799866,
      -0.5439994964599606
    ],
    "on_stop_line": false,
    "traffic_light_id": null
  },
  {
    "idx": "A119BS010204",
    "node_type": "1",
    "junction": [],
    "point": [
      31.087958472257014,
      1903.9909977968782,
      -0.549000564575195
    ],
    "on_stop_line": false,
    "traffic_light_id": null
  },
  {
    "idx": "A119BS010205",
    "node_type": "1",
    "junction": [],
    "point": [
      41.692958488478325,
      1912.9079977967776,
      -0.5380008850097653
    ],
    "on_stop_line": false,
    "traffic_light_id": null
  },
  {
    "idx": "A119BS010206",
    "node_type": "1",
    "junction": [],
    "point": [
      112.39395859412616,
      1855.059997798875,
      -0.5049999389648434
    ],
    "on_stop_line": false,
    "traffic_light_id": null
  },
  {
    "idx": "A119BS010207",
    "node_type": "10",
    "junction": [],
    "point": [
      27.265958470467012,
      1835.4799977997318,
      -0.5829990539550778
    ],
    "on_stop_line": false,
    "traffic_light_id": null
  },
  {
    "idx": "A119BS010208",
    "node_type": "1",
    "junction": [],
    "point": [
      138.47095864079893,
      1617.2599977999926,
      -0.5199993286132809
    ],
    "on_stop_line": false,
    "traffic_light_id": null
  },
  {
    "idx": "A119BS010209",
    "node_type": "1",
    "junction": [],
    "point": [
      69.67195853049634,
      1851.6409978000447,
      -0.549000564575195
    ],
    "on_stop_line": true,
    "traffic_light_id": null
  },
  {
    "idx": "A119BS010210",
    "node_type": "7",
    "junction": [],
    "point": [
      73.97495854989393,
      1577.22699779924,
      -0.5070007476806637
    ],
    "on_stop_line": false,
    "traffic_light_id": null
  },
  {
    "idx": "A119BS010212",
    "node_type": "1",
    "junction": [],
    "point": [
      122.58795861899853,
      1611.8469977998175,
      -0.5679996643066403
    ],
    "on_stop_line": false,
    "traffic_light_id": null
  },
  {
    "idx": "A119BS010213",
    "node_type": "7",
    "junction": [],
    "point": [
      129.9679586320999,
      1558.1249977992848,
      -0.5660007629394528
    ],
    "on_stop_line": false,
    "traffic_light_id": null
  },
  {
    "idx": "A119BS010214",
    "node_type": "7",
    "junction": [],
    "point": [
      132.84095863607945,
      1558.1059978012927,
      -0.5350006256103512
    ],
    "on_stop_line": false,
    "traffic_light_id": null
  },
  {
    "idx": "A119BS010216",
    "node_type": "1",
    "junction": [],
    "point": [
      118.0809586175601,
      1492.5109977992252,
      -0.6029995117187497
    ],
    "on_stop_line": false,
    "traffic_light_id": null
  },
  {
    "idx": "A119BS010218",
    "node_type": "7",
    "junction": [],
    "point": [
      71.29595855309162,
      1407.0249977982603,
      -0.5220001373291012
    ],
    "on_stop_line": false,
    "traffic_light_id": null
  },
  {
    "idx": "A119BS010219",
    "node_type": "1",
    "junction": [],
    "point": [
      67.03895854344591,
      1475.9159978004172,
      -0.5740001831054684
    ],
    "on_stop_line": false,
    "traffic_light_id": null
  },
  {
    "idx": "A119BS010220",
    "node_type": "1",
    "junction": [],
    "point": [
      117.75895862159086,
      1371.4399978020228,
      -0.5059993896484372
    ],
    "on_stop_line": false,
    "traffic_light_id": null
  },
  {
    "idx": "A119BS010221",
    "node_type": "7",
    "junction": [],
    "point": [
      140.62095865246374,
      1430.6509978007525,
      -0.5560005340576168
    ],
    "on_stop_line": false,
    "traffic_light_id": null
  },
  {
    "idx": "A119BS010222",
    "node_type": "7",
    "junction": [],
    "point": [
      133.61395864299266,
      1430.8239977983758,
      -0.5679996643066403
    ],
    "on_stop_line": false,
    "traffic_light_id": null
  },
  {
    "idx": "A119BS010223",
    "node_type": "7",
    "junction": [],
    "point": [
      137.122958647029,
      1430.7629978000186,
      -0.536000076293945
    ],
    "on_stop_line": false,
    "traffic_light_id": null
  },
  {
    "idx": "A119BS010224",
    "node_type": "1",
    "junction": [],
    "point": [
      155.82195867260452,
      1488.3909978014417,
      -0.5469997558593747
    ],
    "on_stop_line": false,
    "traffic_light_id": null
  },
  {
    "idx": "A119BS010225",
    "node_type": "1",
    "junction": [],
    "point": [
      173.03795869735768,
      1492.7869978030212,
      -0.5310009155273434
    ],
    "on_stop_line": false,
    "traffic_light_id": null
  },
  {
    "idx": "A119BS010226",
    "node_type": "1",
    "junction": [],
    "point": [
      143.8839586537797,
      1516.6519977990538,
      -0.61800080871582
    ],
    "on_stop_line": false,
    "traffic_light_id": null
  },
  {
    "idx": "A119BS010227",
    "node_type": "1",
    "junction": [],
    "point": [
      140.42195864772657,
      1516.6879978021607,
      -0.5670002136230465
    ],
    "on_stop_line": false,
    "traffic_light_id": null
  },
  {
    "idx": "A119BS010228",
    "node_type": "1",
    "junction": [],
    "point": [
      153.43695867457427,
      1368.0209978017956,
      -0.49799996948242153
    ],
    "on_stop_line": true,
    "traffic_light_id": "C119BS010073"
  },
  {
    "idx": "A119BS010229",
    "node_type": "1",
    "junction": [],
    "point": [
      146.13795865303837,
      1608.4339977991767,
      -0.549000564575195
    ],
    "on_stop_line": false,
    "traffic_light_id": null
  },
  {
    "idx": "A119BS010230",
    "node_type": "1",
    "junction": [],
    "point": [
      96.18995859479764,
      1255.0219977991655,
      -0.5180004272460934
    ],
    "on_stop_line": false,
    "traffic_light_id": null
  },
  {
    "idx": "A119BS010231",
    "node_type": "1",
    "junction": [],
    "point": [
      129.1519586389768,
      1354.2809978011064,
      -0.5980003509521481
    ],
    "on_stop_line": false,
    "traffic_light_id": null
  },
  {
    "idx": "A119BS010232",
    "node_type": "1",
    "junction": [],
    "point": [
      30.79295849922346,
      1235.0959977996536,
      -0.5059993896484372
    ],
    "on_stop_line": false,
    "traffic_light_id": null
  },
  {
    "idx": "A119BS010233",
    "node_type": "1",
    "junction": [],
    "point": [
      79.32695856975624,
      1252.348997800611,
      -0.5290001068115231
    ],
    "on_stop_line": false,
    "traffic_light_id": null
  },
  {
    "idx": "A119BS010234",
    "node_type": "1",
    "junction": [],
    "point": [
      82.40795857459307,
      1233.7009978001006,
      -0.5539997253417965
    ],
    "on_stop_line": false,
    "traffic_light_id": null
  },
  {
    "idx": "A119BS010235",
    "node_type": "1",
    "junction": [],
    "point": [
      77.02295856975252,
      1213.7129978006706,
      -0.4690006408691403
    ],
    "on_stop_line": false,
    "traffic_light_id": null
  },
  {
    "idx": "A119BS010236",
    "node_type": "1",
    "junction": [],
    "point": [
      102.26195860485313,
      1235.565997800324,
      -0.5530002746582028
    ],
    "on_stop_line": false,
    "traffic_light_id": null
  },
  {
    "idx": "A119BS010237",
    "node_type": "1",
    "junction": [],
    "point": [
      117.96895863011014,
      1185.9499977990054,
      -0.5029991302490231
    ],
    "on_stop_line": false,
    "traffic_light_id": null
  },
  {
    "idx": "A119BS010238",
    "node_type": "1",
    "junction": [],
    "point": [
      53.169958533660974,
      1209.8369977995753,
      -0.5549991760253903
    ],
    "on_stop_line": false,
    "traffic_light_id": null
  },
  {
    "idx": "A119BS010239",
    "node_type": "1",
    "junction": [],
    "point": [
      33.67595850449288,
      1216.5529977995902,
      -0.5590007934570309
    ],
    "on_stop_line": false,
    "traffic_light_id": null
  },
  {
    "idx": "A119BS010240",
    "node_type": "1",
    "junction": [],
    "point": [
      100.71795860561542,
      1183.3359978008084,
      -0.5019996795654293
    ],
    "on_stop_line": false,
    "traffic_light_id": null
  },
  {
    "idx": "A119BS010241",
    "node_type": "1",
    "junction": [],
    "point": [
      81.48895857710158,
      1189.9719978002831,
      -0.5409992370605465
    ],
    "on_stop_line": false,
    "traffic_light_id": null
  },
  {
    "idx": "A119BS010242",
    "node_type": "1",
    "junction": [],
    "point": [
      36.36695851193508,
      1161.7759977984242,
      -0.4690006408691403
    ],
    "on_stop_line": false,
    "traffic_light_id": null
  },
  {
    "idx": "A119BS010243",
    "node_type": "1",
    "junction": [],
    "point": [
      15.351958477345761,
      1214.6129977973178,
      -0.4959991607666012
    ],
    "on_stop_line": false,
    "traffic_light_id": null
  },
  {
    "idx": "A119BS010244",
    "node_type": "1",
    "junction": [],
    "point": [
      49.12395852996269,
      1163.3409977997653,
      -0.5019996795654293
    ],
    "on_stop_line": false,
    "traffic_light_id": null
  },
  {
    "idx": "A119BS010245",
    "node_type": "1",
    "junction": [],
    "point": [
      55.58395853766706,
      1185.406997800339,
      -0.539000335693359
    ],
    "on_stop_line": false,
    "traffic_light_id": null
  },
  {
    "idx": "A119BS010246",
    "node_type": "1",
    "junction": [],
    "point": [
      102.04795860743616,
      1164.5819977973588,
      -0.5900009307861325
    ],
    "on_stop_line": false,
    "traffic_light_id": null
  },
  {
    "idx": "A119BS010247",
    "node_type": "1",
    "junction": [],
    "point": [
      72.52895856491523,
      1137.6729978015646,
      -0.5549991760253903
    ],
    "on_stop_line": true,
    "traffic_light_id": null
  },
  {
    "idx": "A119BS010248",
    "node_type": "99",
    "junction": [],
    "point": [
      199.13295874063624,
      1358.9039978012443,
      -0.5460003051757809
    ],
    "on_stop_line": false,
    "traffic_light_id": null
  },
  {
    "idx": "A119BS010249",
    "node_type": "1",
    "junction": [],
    "point": [
      33.72595850791549,
      1145.9439978003502,
      -0.4749992523193356
    ],
    "on_stop_line": false,
    "traffic_light_id": null
  },
  {
    "idx": "A119BS010256",
    "node_type": "99",
    "junction": [],
    "point": [
      -59.538041624531616,
      1030.2619977984577,
      -0.6229999694824215
    ],
    "on_stop_line": false,
    "traffic_light_id": null
  },
  {
    "idx": "A119BS010260",
    "node_type": "7",
    "junction": [],
    "point": [
      188.74295873875963,
      1046.0989978024736,
      -0.6560009155273434
    ],
    "on_stop_line": false,
    "traffic_light_id": null
  },
  {
    "idx": "A119BS010261",
    "node_type": "7",
    "junction": [],
    "point": [
      214.24095876462525,
      1290.4649977996014,
      -0.4490001831054684
    ],
    "on_stop_line": false,
    "traffic_light_id": null
  },
  {
    "idx": "A119BS010263",
    "node_type": "7",
    "junction": [],
    "point": [
      202.15895873919362,
      1501.898997802753,
      -0.5569999847412106
    ],
    "on_stop_line": false,
    "traffic_light_id": null
  },
  {
    "idx": "A119BS010264",
    "node_type": "7",
    "junction": [],
    "point": [
      205.93795874464558,
      1501.914997802116,
      -0.5180004272460934
    ],
    "on_stop_line": false,
    "traffic_light_id": null
  },
  {
    "idx": "A119BS010266",
    "node_type": "1",
    "junction": [],
    "point": [
      50.44295853149379,
      1149.8159978012554,
      -0.5329998168945309
    ],
    "on_stop_line": false,
    "traffic_light_id": null
  },
  {
    "idx": "A119BS010267",
    "node_type": "1",
    "junction": [],
    "point": [
      70.56095854804153,
      1475.98099779943,
      -0.5320003662109372
    ],
    "on_stop_line": false,
    "traffic_light_id": null
  },
  {
    "idx": "A119BS010269",
    "node_type": "7",
    "junction": [],
    "point": [
      75.0919585575466,
      1404.7989978007972,
      -0.5420005950927731
    ],
    "on_stop_line": false,
    "traffic_light_id": null
  },
  {
    "idx": "A119BS010271",
    "node_type": "1",
    "junction": [],
    "point": [
      86.9579585728352,
      1488.1279977997765,
      -0.4970005187988278
    ],
    "on_stop_line": false,
    "traffic_light_id": null
  },
  {
    "idx": "A119BS010274",
    "node_type": "1",
    "junction": [],
    "point": [
      74.95395855302922,
      1504.1719977990724,
      -0.49300080871581997
    ],
    "on_stop_line": false,
    "traffic_light_id": null
  },
  {
    "idx": "A119BS010278",
    "node_type": "7",
    "junction": [],
    "point": [
      70.36895854462637,
      1577.2159978006966,
      -0.512999359130859
    ],
    "on_stop_line": false,
    "traffic_light_id": null
  },
  {
    "idx": "A119BS010279",
    "node_type": "1",
    "junction": [],
    "point": [
      114.88995861273725,
      1484.339997800067,
      -0.5339992675781247
    ],
    "on_stop_line": true,
    "traffic_light_id": "C119BS010051"
  },
  {
    "idx": "A119BS010280",
    "node_type": "7",
    "junction": [],
    "point": [
      129.47695863398258,
      1462.582997801248,
      -0.6330001983642575
    ],
    "on_stop_line": false,
    "traffic_light_id": null
  },
  {
    "idx": "A119BS010281",
    "node_type": "1",
    "junction": [],
    "point": [
      133.90095864445902,
      1377.9929977981374,
      -0.5639999542236325
    ],
    "on_stop_line": false,
    "traffic_light_id": null
  },
  {
    "idx": "A119BS010282",
    "node_type": "99",
    "junction": [],
    "point": [
      133.732958642242,
      1411.3929977989756,
      -0.5759990844726559
    ],
    "on_stop_line": false,
    "traffic_light_id": null
  },
  {
    "idx": "A119BS010283",
    "node_type": "99",
    "junction": [],
    "point": [
      140.59495865233475,
      1411.398997799959,
      -0.5759990844726559
    ],
    "on_stop_line": true,
    "traffic_light_id": null
  },
  {
    "idx": "A119BS010284",
    "node_type": "1",
    "junction": [],
    "point": [
      118.05395861744182,
      1496.3269978011958,
      -0.650999847412109
    ],
    "on_stop_line": false,
    "traffic_light_id": null
  },
  {
    "idx": "A119BS010285",
    "node_type": "99",
    "junction": [],
    "point": [
      93.16195857990533,
      1484.2439977983013,
      -0.5460003051757809
    ],
    "on_stop_line": false,
    "traffic_light_id": null
  },
  {
    "idx": "A119BS010286",
    "node_type": "1",
    "junction": [],
    "point": [
      114.84395861340454,
      1488.1719977986068,
      -0.5169990692138668
    ],
    "on_stop_line": true,
    "traffic_light_id": "C119BS010051"
  },
  {
    "idx": "A119BS010287",
    "node_type": "1",
    "junction": [],
    "point": [
      155.75395867304178,
      1484.6079977997579,
      -0.5829990539550778
    ],
    "on_stop_line": false,
    "traffic_light_id": null
  },
  {
    "idx": "A119BS010288",
    "node_type": "1",
    "junction": [],
    "point": [
      158.8779586768942,
      1492.7589978002943,
      -0.5339992675781247
    ],
    "on_stop_line": true,
    "traffic_light_id": "C119BS010055"
  },
  {
    "idx": "A119BS010289",
    "node_type": "1",
    "junction": [],
    "point": [
      172.94695869641146,
      1496.7719978014939,
      -0.5530002746582028
    ],
    "on_stop_line": false,
    "traffic_light_id": null
  },
  {
    "idx": "A119BS010290",
    "node_type": "1",
    "junction": [],
    "point": [
      129.05595863127382,
      1519.8909978005104,
      -0.5929992828369137
    ],
    "on_stop_line": true,
    "traffic_light_id": "C119BS010035"
  },
  {
    "idx": "A119BS010291",
    "node_type": "1",
    "junction": [],
    "point": [
      133.01195863710018,
      1519.8889977987856,
      -0.5479992065429684
    ],
    "on_stop_line": true,
    "traffic_light_id": "C119BS010035"
  },
  {
    "idx": "A119BS010292",
    "node_type": "1",
    "junction": [],
    "point": [
      136.4389586414909,
      1519.8879977990873,
      -0.509999099731445
    ],
    "on_stop_line": true,
    "traffic_light_id": "C119BS010035"
  },
  {
    "idx": "A119BS010293",
    "node_type": "1",
    "junction": [],
    "point": [
      158.8659586753347,
      1496.6249977983534,
      -0.5730007324218747
    ],
    "on_stop_line": true,
    "traffic_light_id": "C119BS010055"
  },
  {
    "idx": "A119BS010294",
    "node_type": "7",
    "junction": [],
    "point": [
      139.7479586462141,
      1574.5069978004321,
      -0.5290001068115231
    ],
    "on_stop_line": false,
    "traffic_light_id": null
  },
  {
    "idx": "A119BS010295",
    "node_type": "1",
    "junction": [],
    "point": [
      133.54595863405848,
      1602.9019977990538,
      -0.5310009155273434
    ],
    "on_stop_line": false,
    "traffic_light_id": null
  },
  {
    "idx": "A119BS010297",
    "node_type": "7",
    "junction": [],
    "point": [
      133.1119586347486,
      1575.7079978017136,
      -0.5609996948242184
    ],
    "on_stop_line": false,
    "traffic_light_id": null
  },
  {
    "idx": "A119BS010298",
    "node_type": "10",
    "junction": [],
    "point": [
      50.89295850310009,
      1848.523997797165,
      -0.5569999847412106
    ],
    "on_stop_line": false,
    "traffic_light_id": null
  },
  {
    "idx": "A119BS010299",
    "node_type": "7",
    "junction": [],
    "point": [
      197.12595872185193,
      1767.8489978010766,
      -0.5709999237060543
    ],
    "on_stop_line": false,
    "traffic_light_id": null
  },
  {
    "idx": "A119BS010300",
    "node_type": "7",
    "junction": [],
    "point": [
      204.09395872754976,
      1837.6219978011213,
      -0.5070007476806637
    ],
    "on_stop_line": false,
    "traffic_light_id": null
  },
  {
    "idx": "A119BS010301",
    "node_type": "7",
    "junction": [],
    "point": [
      200.58595872367732,
      1837.614997801371,
      -0.5399997863769528
    ],
    "on_stop_line": false,
    "traffic_light_id": null
  },
  {
    "idx": "A119BS010303",
    "node_type": "7",
    "junction": [],
    "point": [
      210.19295876013348,
      1290.49199780263,
      -0.4410007629394528
    ],
    "on_stop_line": false,
    "traffic_light_id": null
  },
  {
    "idx": "A119BS010304",
    "node_type": "7",
    "junction": [],
    "point": [
      199.19995871948777,
      1856.7149977996014,
      -0.5590007934570309
    ],
    "on_stop_line": false,
    "traffic_light_id": null
  },
  {
    "idx": "A119BS010307",
    "node_type": "99",
    "junction": [],
    "point": [
      208.0389587364043,
      1774.8539977995679,
      -0.48700028991699185
    ],
    "on_stop_line": false,
    "traffic_light_id": null
  },
  {
    "idx": "A119BS010308",
    "node_type": "7",
    "junction": [],
    "point": [
      200.93095872644335,
      1767.8719978006557,
      -0.5280006561279293
    ],
    "on_stop_line": false,
    "traffic_light_id": null
  },
  {
    "idx": "A119BS010309",
    "node_type": "7",
    "junction": [],
    "point": [
      204.5719587309868,
      1767.886997800786,
      -0.49300080871581997
    ],
    "on_stop_line": false,
    "traffic_light_id": null
  },
  {
    "idx": "A119BS010310",
    "node_type": "7",
    "junction": [],
    "point": [
      208.12195873633027,
      1767.901997799985,
      -0.4770000610351559
    ],
    "on_stop_line": false,
    "traffic_light_id": null
  },
  {
    "idx": "A119BS010311",
    "node_type": "7",
    "junction": [],
    "point": [
      211.5859587424784,
      1767.9179978016764,
      -0.46500093078613247
    ],
    "on_stop_line": false,
    "traffic_light_id": null
  },
  {
    "idx": "A119BS010312",
    "node_type": "7",
    "junction": [],
    "point": [
      201.7709587336285,
      1603.706997799687,
      -0.5320003662109372
    ],
    "on_stop_line": false,
    "traffic_light_id": null
  },
  {
    "idx": "A119BS010313",
    "node_type": "7",
    "junction": [],
    "point": [
      205.42295874044066,
      1603.7169977999292,
      -0.5070007476806637
    ],
    "on_stop_line": false,
    "traffic_light_id": null
  },
  {
    "idx": "A119BS010314",
    "node_type": "7",
    "junction": [],
    "point": [
      208.98995874467073,
      1603.7249978012405,
      -0.48300057983398403
    ],
    "on_stop_line": false,
    "traffic_light_id": null
  },
  {
    "idx": "A119BS010315",
    "node_type": "7",
    "junction": [],
    "point": [
      212.49195875035366,
      1603.733997800853,
      -0.48899919128417935
    ],
    "on_stop_line": false,
    "traffic_light_id": null
  },
  {
    "idx": "A119BS010316",
    "node_type": "7",
    "junction": [],
    "point": [
      209.51095874939347,
      1501.9299978003837,
      -0.4860008392333981
    ],
    "on_stop_line": false,
    "traffic_light_id": null
  },
  {
    "idx": "A119BS010317",
    "node_type": "7",
    "junction": [],
    "point": [
      207.16095875384053,
      1318.4989978009835,
      -0.47000009155273403
    ],
    "on_stop_line": false,
    "traffic_light_id": null
  },
  {
    "idx": "A119BS010318",
    "node_type": "7",
    "junction": [],
    "point": [
      213.04995875578607,
      1501.944997801911,
      -0.48199922180175747
    ],
    "on_stop_line": false,
    "traffic_light_id": null
  },
  {
    "idx": "A119BS010319",
    "node_type": "7",
    "junction": [],
    "point": [
      210.29095875815256,
      1318.4919978035614,
      -0.44399911499023403
    ],
    "on_stop_line": false,
    "traffic_light_id": null
  },
  {
    "idx": "A119BS010320",
    "node_type": "7",
    "junction": [],
    "point": [
      214.1989587652497,
      1318.4849978019483,
      -0.45399934387206997
    ],
    "on_stop_line": false,
    "traffic_light_id": null
  },
  {
    "idx": "A119BS010321",
    "node_type": "99",
    "junction": [],
    "point": [
      205.51895875990158,
      1126.151997801382,
      -0.7669990692138668
    ],
    "on_stop_line": false,
    "traffic_light_id": null
  },
  {
    "idx": "A119BS010322",
    "node_type": "99",
    "junction": [],
    "point": [
      214.59895877353847,
      1126.609997802414,
      -0.5749996337890622
    ],
    "on_stop_line": false,
    "traffic_light_id": null
  },
  {
    "idx": "A119BS010323",
    "node_type": "9",
    "junction": [],
    "point": [
      205.1739587590564,
      1146.2399978023022,
      -0.525999847412109
    ],
    "on_stop_line": false,
    "traffic_light_id": null
  },
  {
    "idx": "A119BS010324",
    "node_type": "9",
    "junction": [],
    "point": [
      209.65295876556775,
      1146.3089978010394,
      -0.49300080871581997
    ],
    "on_stop_line": false,
    "traffic_light_id": null
  },
  {
    "idx": "A119BS010325",
    "node_type": "99",
    "junction": [],
    "point": [
      205.37295875826385,
      1168.2489978019148,
      -0.5010002288818356
    ],
    "on_stop_line": false,
    "traffic_light_id": null
  },
  {
    "idx": "A119BS010326",
    "node_type": "99",
    "junction": [],
    "point": [
      209.56395876471652,
      1168.2959978003055,
      -0.48700028991699185
    ],
    "on_stop_line": false,
    "traffic_light_id": null
  },
  {
    "idx": "A119BS010327",
    "node_type": "99",
    "junction": [],
    "point": [
      214.60095877136337,
      1168.3609978030436,
      -0.4809997711181637
    ],
    "on_stop_line": false,
    "traffic_light_id": null
  },
  {
    "idx": "A119BS010328",
    "node_type": "99",
    "junction": [],
    "point": [
      209.72195876570186,
      1126.3799977996387,
      -0.6759994659423825
    ],
    "on_stop_line": false,
    "traffic_light_id": null
  },
  {
    "idx": "A119BS010329",
    "node_type": "7",
    "junction": [],
    "point": [
      204.91595876141218,
      1068.3229978014715,
      -0.5080001983642575
    ],
    "on_stop_line": false,
    "traffic_light_id": null
  },
  {
    "idx": "A119BS010330",
    "node_type": "7",
    "junction": [],
    "point": [
      201.26395875547314,
      1069.9579978003167,
      -0.6840007934570309
    ],
    "on_stop_line": false,
    "traffic_light_id": null
  },
  {
    "idx": "A119BS010332",
    "node_type": "1",
    "junction": [],
    "point": [
      -41.22504159802338,
      1044.7489977977239,
      -0.6220005187988278
    ],
    "on_stop_line": false,
    "traffic_light_id": null
  },
  {
    "idx": "A119BS010337",
    "node_type": "99",
    "junction": [],
    "point": [
      196.8229587202659,
      1774.6629977999255,
      -0.581999603271484
    ],
    "on_stop_line": false,
    "traffic_light_id": null
  },
  {
    "idx": "A119BS010338",
    "node_type": "99",
    "junction": [],
    "point": [
      201.00695872557117,
      1774.741997801233,
      -0.539000335693359
    ],
    "on_stop_line": false,
    "traffic_light_id": null
  },
  {
    "idx": "A119BS010339",
    "node_type": "99",
    "junction": [],
    "point": [
      204.51795873051742,
      1774.7869977997616,
      -0.5080001983642575
    ],
    "on_stop_line": false,
    "traffic_light_id": null
  },
  {
    "idx": "A119BS010341",
    "node_type": "99",
    "junction": [],
    "point": [
      203.0119587474619,
      1358.8859978010878,
      -0.5059993896484372
    ],
    "on_stop_line": false,
    "traffic_light_id": null
  },
  {
    "idx": "A119BS010342",
    "node_type": "99",
    "junction": [],
    "point": [
      206.6399587506312,
      1358.8809978016652,
      -0.4809997711181637
    ],
    "on_stop_line": false,
    "traffic_light_id": null
  },
  {
    "idx": "A119BS010343",
    "node_type": "99",
    "junction": [],
    "point": [
      210.17495875648456,
      1358.8679978018627,
      -0.45699960327148403
    ],
    "on_stop_line": false,
    "traffic_light_id": null
  },
  {
    "idx": "A119BS010344",
    "node_type": "99",
    "junction": [],
    "point": [
      214.11395876301685,
      1358.8579978020862,
      -0.46500093078613247
    ],
    "on_stop_line": false,
    "traffic_light_id": null
  },
  {
    "idx": "A119BS010693",
    "node_type": "99",
    "junction": [],
    "point": [
      -47.90004160493845,
      1009.2079977989197,
      -0.6799991760253903
    ],
    "on_stop_line": false,
    "traffic_light_id": null
  },
  {
    "idx": "A119BS010694",
    "node_type": "1",
    "junction": [],
    "point": [
      89.68795858934755,
      1138.7409978006035,
      -0.5779998931884762
    ],
    "on_stop_line": false,
    "traffic_light_id": null
  },
  {
    "idx": "A119BS010695",
    "node_type": "1",
    "junction": [],
    "point": [
      93.72495859611081,
      1125.9519978002645,
      -0.49499971008300747
    ],
    "on_stop_line": false,
    "traffic_light_id": null
  },
  {
    "idx": "A119BS010696",
    "node_type": "1",
    "junction": [],
    "point": [
      74.45795856794575,
      1140.6499977991916,
      -0.5719993743896481
    ],
    "on_stop_line": false,
    "traffic_light_id": null
  },
  {
    "idx": "A119BS010697",
    "node_type": "1",
    "junction": [],
    "point": [
      52.230958535685204,
      1153.0039978008717,
      -0.5029991302490231
    ],
    "on_stop_line": true,
    "traffic_light_id": null
  },
  {
    "idx": "A119BS010698",
    "node_type": "1",
    "junction": [],
    "point": [
      99.29995859932387,
      1253.3509978000075,
      -0.5369995269775387
    ],
    "on_stop_line": false,
    "traffic_light_id": null
  },
  {
    "idx": "A119BS010699",
    "node_type": "7",
    "junction": [],
    "point": [
      109.88495861337287,
      1272.6199978012592,
      -0.4919994506835934
    ],
    "on_stop_line": false,
    "traffic_light_id": null
  },
  {
    "idx": "A119BS010700",
    "node_type": "7",
    "junction": [],
    "point": [
      111.54395861621015,
      1271.7449978003278,
      -0.5070007476806637
    ],
    "on_stop_line": false,
    "traffic_light_id": null
  },
  {
    "idx": "A119BS010701",
    "node_type": "1",
    "junction": [],
    "point": [
      133.17695864423877,
      1354.2169978013262,
      -0.539000335693359
    ],
    "on_stop_line": true,
    "traffic_light_id": "C119BS010026"
  },
  {
    "idx": "A119BS010702",
    "node_type": "1",
    "junction": [],
    "point": [
      136.69395864993567,
      1354.1159978010692,
      -0.5049999389648434
    ],
    "on_stop_line": true,
    "traffic_light_id": "C119BS010025"
  },
  {
    "idx": "A119BS010703",
    "node_type": "1",
    "junction": [],
    "point": [
      140.21495865558973,
      1354.0229978007264,
      -0.4879997406005856
    ],
    "on_stop_line": true,
    "traffic_light_id": "C119BS010025"
  },
  {
    "idx": "A119BS010704",
    "node_type": "1",
    "junction": [],
    "point": [
      137.37095864961157,
      1377.9989978000522,
      -0.5450008544921872
    ],
    "on_stop_line": false,
    "traffic_light_id": null
  },
  {
    "idx": "A119BS010705",
    "node_type": "1",
    "junction": [],
    "point": [
      140.81795865576714,
      1377.8049978008494,
      -0.5670002136230465
    ],
    "on_stop_line": false,
    "traffic_light_id": null
  },
  {
    "idx": "A119BS010706",
    "node_type": "99",
    "junction": [],
    "point": [
      144.0969586573192,
      1411.4009977998212,
      -0.6239994201660153
    ],
    "on_stop_line": true,
    "traffic_light_id": null
  },
  {
    "idx": "A119BS010707",
    "node_type": "7",
    "junction": [],
    "point": [
      133.67495864228113,
      1422.2119977991097,
      -0.5660007629394528
    ],
    "on_stop_line": false,
    "traffic_light_id": null
  },
  {
    "idx": "A119BS010709",
    "node_type": "7",
    "junction": [],
    "point": [
      140.61895865172846,
      1422.1629977999255,
      -0.549000564575195
    ],
    "on_stop_line": false,
    "traffic_light_id": null
  },
  {
    "idx": "A119BS010710",
    "node_type": "7",
    "junction": [],
    "point": [
      144.0709586586454,
      1422.1399978031404,
      -0.6209991607666012
    ],
    "on_stop_line": false,
    "traffic_light_id": null
  },
  {
    "idx": "A119BS010711",
    "node_type": "7",
    "junction": [],
    "point": [
      144.09395865822444,
      1430.539997802116,
      -0.6029995117187497
    ],
    "on_stop_line": false,
    "traffic_light_id": null
  },
  {
    "idx": "A119BS010712",
    "node_type": "1",
    "junction": [],
    "point": [
      133.40895864157937,
      1459.4149978002533,
      -0.5420005950927731
    ],
    "on_stop_line": true,
    "traffic_light_id": "C119BS010027"
  },
  {
    "idx": "A119BS010713",
    "node_type": "1",
    "junction": [],
    "point": [
      136.9209586455836,
      1459.4379978007637,
      -0.5380008850097653
    ],
    "on_stop_line": true,
    "traffic_light_id": "C119BS010028"
  },
  {
    "idx": "A119BS010714",
    "node_type": "1",
    "junction": [],
    "point": [
      140.49295865063323,
      1459.4589978004806,
      -0.5679996643066403
    ],
    "on_stop_line": true,
    "traffic_light_id": "C119BS010028"
  },
  {
    "idx": "A119BS010715",
    "node_type": "1",
    "junction": [],
    "point": [
      143.9799586563022,
      1459.4879978001118,
      -0.6159999999999997
    ],
    "on_stop_line": true,
    "traffic_light_id": "C119BS010029"
  },
  {
    "idx": "A119BS010716",
    "node_type": "1",
    "junction": [],
    "point": [
      84.70995855133515,
      1872.0679977983236,
      -0.5639999542236325
    ],
    "on_stop_line": false,
    "traffic_light_id": null
  },
  {
    "idx": "A119BS010717",
    "node_type": "1",
    "junction": [],
    "point": [
      69.33495853020577,
      1855.1659977976233,
      -0.5929992828369137
    ],
    "on_stop_line": false,
    "traffic_light_id": null
  },
  {
    "idx": "A119BS010718",
    "node_type": "10",
    "junction": [],
    "point": [
      58.63195851602359,
      1855.2829978000373,
      -0.5889995727539059
    ],
    "on_stop_line": true,
    "traffic_light_id": null
  },
  {
    "idx": "A119BS010727",
    "node_type": "1",
    "junction": [],
    "point": [
      -2.2330415748874657,
      1851.0309977969155,
      -0.6320007476806637
    ],
    "on_stop_line": false,
    "traffic_light_id": null
  },
  {
    "idx": "A119BS010728",
    "node_type": "10",
    "junction": [],
    "point": [
      7.109958440240007,
      1850.7299977974035,
      -0.6059997711181637
    ],
    "on_stop_line": true,
    "traffic_light_id": null
  },
  {
    "idx": "A119BS010729",
    "node_type": "10",
    "junction": [],
    "point": [
      16.680958453624044,
      1859.306997797452,
      -0.5800007019042965
    ],
    "on_stop_line": false,
    "traffic_light_id": null
  },
  {
    "idx": "A119BS010730",
    "node_type": "1",
    "junction": [],
    "point": [
      -1.2600415729102679,
      1854.5729977991432,
      -0.6339996490478512
    ],
    "on_stop_line": true,
    "traffic_light_id": null
  },
  {
    "idx": "A119BS010750",
    "node_type": "1",
    "junction": [],
    "point": [
      15.89295845333254,
      1847.700997798238,
      -0.5670002136230465
    ],
    "on_stop_line": false,
    "traffic_light_id": null
  },
  {
    "idx": "A119BS010751",
    "node_type": "1",
    "junction": [],
    "point": [
      41.39095849101432,
      1836.7249977998435,
      -0.5719993743896481
    ],
    "on_stop_line": false,
    "traffic_light_id": null
  },
  {
    "idx": "A119BS010752",
    "node_type": "1",
    "junction": [],
    "point": [
      49.52195850148564,
      1860.9369977992028,
      -0.5770004425048825
    ],
    "on_stop_line": false,
    "traffic_light_id": null
  },
  {
    "idx": "A119BS010753",
    "node_type": "1",
    "junction": [],
    "point": [
      26.699958466517273,
      1869.7369977985509,
      -0.5530002746582028
    ],
    "on_stop_line": false,
    "traffic_light_id": null
  },
  {
    "idx": "A119BS010754",
    "node_type": "1",
    "junction": [],
    "point": [
      86.22695856931387,
      1497.8409978006966,
      -0.5339992675781247
    ],
    "on_stop_line": true,
    "traffic_light_id": null
  },
  {
    "idx": "A119BS010755",
    "node_type": "1",
    "junction": [],
    "point": [
      80.47095856181113,
      1476.8209978011437,
      -0.49499971008300747
    ],
    "on_stop_line": true,
    "traffic_light_id": null
  },
  {
    "idx": "ND000000",
    "node_type": null,
    "junction": [],
    "point": [
      203.70252653801947,
      1856.5997211959966,
      -0.5214173910416592
    ],
    "on_stop_line": false,
    "traffic_light_id": null
  },
  {
    "idx": "ND000001",
    "node_type": null,
    "junction": [],
    "point": [
      181.85894322998297,
      1506.3163088869499,
      -0.5323288426593326
    ],
    "on_stop_line": false,
    "traffic_light_id": null
  },
  {
    "idx": "ND000002",
    "node_type": null,
    "junction": [],
    "point": [
      185.3661619195758,
      1506.2781214257952,
      -0.5262955730798159
    ],
    "on_stop_line": false,
    "traffic_light_id": null
  },
  {
    "idx": "ND000006",
    "node_type": null,
    "junction": [],
    "point": [
      185.53505674161943,
      1475.77859718201,
      -0.5326669145169856
    ],
    "on_stop_line": false,
    "traffic_light_id": null
  },
  {
    "idx": "ND000005",
    "node_type": null,
    "junction": [],
    "point": [
      182.0076966495659,
      1475.8169533773598,
      -0.5348102032066012
    ],
    "on_stop_line": false,
    "traffic_light_id": null
  },
  {
    "idx": "ND000003",
    "node_type": null,
    "junction": [],
    "point": [
      214.83375666559118,
      1146.364376129613,
      -0.4837482973247186
    ],
    "on_stop_line": false,
    "traffic_light_id": null
  },
  {
    "idx": "A119BS010276",
    "node_type": "99",
    "junction": [],
    "point": [
      78.46195855858969,
      1511.6179977995344,
      -0.5409992370605465
    ],
    "on_stop_line": false,
    "traffic_light_id": null
  },
  {
    "idx": "A119BS010277",
    "node_type": "99",
    "junction": [],
    "point": [
      74.89295855240198,
      1511.495997798629,
      -0.5049999389648434
    ],
    "on_stop_line": false,
    "traffic_light_id": null
  }
]