{
  "saved_utc_time": "2022-03-08 07:28:32.504983",
  "mgeo_file_hash": "{'crosswalk_set.json': '465ac7bec686819c574072df2ec2370937935faa00065c720e1013931751d409', 'intersection_controller_set.json': 'a898a3fa28abe4798008cfa723ea1d3938f5cea3b24aa8409a1e358fe67491ef', 'lane_boundary_set.json': 'e3693f527af969211a0b1889e514d2a7109994126b890ddf6bb631eec6b00f71', 'lane_node_set.json': '4c4c18e80be44bf8c512784a2bd90359d6ef0b93802a5820eeac0b8290a48ddc', 'link_set.json': 'd06eafe02781900fe5d3b733a7c8385888a490a1ef6eb24ef5e04b42db8f0734', 'node_set.json': '1c968ae357f3fdb268a8c84aa2cc308e6541c3dc00c99391139cb97fb8dc88d3', 'road_polygon_set.json': '4f53cda18c2baa0c0354bb5f9a3ecbe5ed12ab4d8e11ba873c2f11161202b945', 'singlecrosswalk_set.json': 'd0f4e02dee11a82dc87c18967142ac78fcd696abbf21806c5dcc2a668095d48c', 'surface_marking_set.json': 'f7f1a74dd7d0ee9f84bbfd68ebff20254065e49ecf1e42ed0fc4e567b48e8b48', 'synced_traffic_light_set.json': '4f53cda18c2baa0c0354bb5f9a3ecbe5ed12ab4d8e11ba873c2f11161202b945', 'traffic_light_set.json': 'cd1784871da6fd5ad184273bcdc9ac53320f59471fe08ef6a1016d9cfbb4a6f9', 'traffic_sign_set.json': 'c4a571258e1edb5683c7272882b6f98b3a820ac22111ed345179e784609ddbd0'}",
  "maj_ver": 2,
  "min_ver": 8,
  "global_coordinate_system": "+proj=utm +zone=52 +ellps=WGS84 +units=m +no_defs",
  "local_origin_in_global": [
    302459.942,
    4122635.537,
    28.991
  ],
  "workspace_origin": [
    0,
    0,
    0
  ],
  "lane_change_link_included": true,
  "traffic_dir": "",
  "country": "",
  "road_type": "",
  "road_type_def": "",
  "license": "MORAI Inc."
}