[
  {
    "idx": "IntTL1",
    "TL": [
      [
        "C119BS010034"
      ],
      [
        "C119BS010072"
      ],
      [
        "C119BS010033"
      ]
    ]
  },
  {
    "idx": "IntTL2",
    "TL": [
      [
        "C119BS010035",
        "C119BS010036",
        "C119BS010037",
        "C119BS010038",
        "C119BS010053",
        "C119BS010054"
      ],
      [
        "C119BS010061",
        "C119BS010062",
        "C119BS010055",
        "C119BS010056",
        "C119BS010059",
        "C119BS010060"
      ],
      [
        "C119BS010028",
        "C119BS010029",
        "C119BS010031",
        "C119BS010032",
        "C119BS010057",
        "C119BS010058"
      ],
      [
        "C119BS010051",
        "C119BS010052",
        "C119BS010079",
        "C119BS010080",
        "C119BS010078",
        "C119BS010081"
      ]
    ]
  },
  {
    "idx": "IntTL4",
    "TL": [
      [
        "C119BS010063",
        "C119BS010064",
        "C119BS010067",
        "C119BS010068"
      ],
      [
        "C119BS010069",
        "C119BS010075",
        "C119BS010065",
        "C119BS010066"
      ],
      [
        "C119BS010076",
        "C119BS010077",
        "C119BS010070",
        "C119BS010071"
      ]
    ]
  },
  {
    "idx": "IntTL5",
    "TL": [
      [
        "C119BS010073"
      ],
      [
        "C119BS010039"
      ],
      [
        "C119BS010074"
      ],
      [
        "C119BS010025"
      ]
    ]
  },
  {
    "idx": "IntTL6",
    "TL": [
      [
        "C119BS010017",
        "C119BS010018",
        "C119BS010022"
      ],
      [
        "C119BS010015",
        "C119BS010016",
        "C119BS010023"
      ],
      [
        "C119BS010013",
        "C119BS010014",
        "C119BS010024"
      ],
      [
        "C119BS010019",
        "C119BS010020",
        "C119BS010021"
      ]
    ]
  },
  {
    "idx": "IntTL7",
    "TL": [
      [
        "C119BS010007",
        "C119BS010010",
        "C119BS010011"
      ],
      [
        "C119BS010004",
        "C119BS010006",
        "C119BS010012"
      ],
      [
        "C119BS010002",
        "C119BS010003",
        "C119BS010005"
      ],
      [
        "C119BS010001",
        "C119BS010008",
        "C119BS010009"
      ]
    ]
  },
  {
    "idx": "IntTL8",
    "TL": [
      [
        "C119BS010040",
        "C119BS010048",
        "C119BS010049"
      ],
      [
        "C119BS010042",
        "C119BS010044",
        "C119BS010045",
        "C119BS010047",
        "C119BS010050"
      ],
      [
        "C119BS010041",
        "C119BS010043",
        "C119BS010046"
      ]
    ]
  }
]