[
  {
    "idx": "IntTL1",
    "TL": [
      [
        "Traffic_Light_Arrow (19)",
        "Traffic_Light_Arrow (18)",
        "Traffic_Light (52)"
      ],
      [
        "Traffic_Light (36)",
        "Traffic_Light (34)",
        "Traffic_Light_Arrow (16)"
      ],
      [
        "Traffic_Light_Arrow (15)"
      ]
    ]
  },
  {
    "idx": "IntTL2",
    "TL": [
      [
        "Traffic_Light_Arrow (22)",
        "Traffic_Light (50)",
        "Traffic_Light (55)"
      ],
      [
        "Traffic_Light_Arrow (21)",
        "Traffic_Light (58)",
        "Traffic_Light (57)"
      ],
      [
        "Traffic_Light (54)",
        "Traffic_Light (59)",
        "Traffic_Light_Arrow (17)"
      ],
      [
        "Traffic_Light (47)",
        "Traffic_Light (45)",
        "Traffic_Light_Arrow (20)"
      ]
    ]
  },
  {
    "idx": "IntTL3",
    "TL": [
      [
        "Traffic_Light_Arrow (26)",
        "Traffic_Light (53)",
        "Traffic_Light (51)",
        "Traffic_Light (56)"
      ],
      [
        "Traffic_Light (64)",
        "Traffic_Light_Arrow (23)",
        "Traffic_Light (62)",
        "Traffic_Light (63)",
        "Traffic_Light (67)"
      ],
      [
        "Traffic_Light (66)",
        "Traffic_Light (61)",
        "Traffic_Light (60)",
        "Traffic_Light (65)",
        "Traffic_Light_Arrow (25)"
      ],
      [
        "Traffic_Light_Arrow (24)",
        "Traffic_Light (46)",
        "Traffic_Light (48)"
      ]
    ]
  },
  {
    "idx": "IntTL4",
    "TL": [
      [
        "Traffic_Light_Arrow (4)",
        "Traffic_Light (10)",
        "Traffic_Light (9)",
        "Traffic_Light (8)",
        "Traffic_Light (2)"
      ],
      [
        "Traffic_Light (11)",
        "Traffic_Light_Arrow (2)",
        "Traffic_Light",
        "Traffic_Light (1)",
        "Traffic_Light (3)"
      ],
      [
        "Traffic_Light_Arrow (3)",
        "Traffic_Light (6)",
        "Traffic_Light (5)",
        "Traffic_Light (4)",
        "Traffic_Light (15)"
      ],
      [
        "Traffic_Light_Arrow (1)",
        "Traffic_Light (14)",
        "Traffic_Light (13)",
        "Traffic_Light (12)",
        "Traffic_Light (7)"
      ]
    ]
  },
  {
    "idx": "IntTL5",
    "TL": [
      [
        "Traffic_Light_Arrow (9)",
        "Traffic_Light_Arrow (8)",
        "Traffic_Light (26)",
        "Traffic_Light (25)",
        "Traffic_Light (18)"
      ],
      [
        "Traffic_Light_Arrow (6)",
        "Traffic_Light (16)",
        "Traffic_Light (17)",
        "Traffic_Light (19)",
        "Traffic_Light (27)"
      ],
      [
        "Traffic_Light (31)",
        "Traffic_Light (20)",
        "Traffic_Light (21)",
        "Traffic_Light_Arrow (7)"
      ],
      [
        "Traffic_Light (23)",
        "Traffic_Light (28)",
        "Traffic_Light (29)",
        "Traffic_Light (30)",
        "Traffic_Light_Arrow (5)"
      ]
    ]
  },
  {
    "idx": "IntTL6",
    "TL": [
      [
        "Traffic_Light_Arrow (14)",
        "Traffic_Light_Arrow (13)",
        "Traffic_Light (37)",
        "Traffic_Light (44)",
        "Traffic_Light (43)"
      ],
      [
        "Traffic_Light (38)",
        "Traffic_Light_Arrow (11)",
        "Traffic_Light (22)",
        "Traffic_Light (32)",
        "Traffic_Light (33)"
      ],
      [
        "Traffic_Light (42)",
        "Traffic_Light_Arrow (12)",
        "Traffic_Light (35)"
      ],
      [
        "Traffic_Light_Arrow (10)",
        "Traffic_Light (41)",
        "Traffic_Light (40)",
        "Traffic_Light (39)"
      ]
    ]
  }
]