[
  {
    "idx": "Traffic_Light",
    "link_id_list": [
      "194",
      "214",
      "213"
    ],
    "road_id": "",
    "type": "car",
    "sub_type": [
      "red",
      "yellow",
      "straight"
    ],
    "dynamic": false,
    "orientation": "vertical",
    "point": [
      -249.982,
      -497.7452,
      5.415905
    ],
    "value": 0,
    "country": "US",
    "z_offset": 0,
    "height": 0,
    "width": 0,
    "type_def": "morai",
    "ref_crosswalk_id": "",
    "heading": 88.1404
  },
  {
    "idx": "Traffic_Light (1)",
    "link_id_list": [
      "194",
      "214",
      "213"
    ],
    "road_id": "",
    "type": "car",
    "sub_type": [
      "red",
      "yellow",
      "straight"
    ],
    "dynamic": false,
    "orientation": "vertical",
    "point": [
      -253.7543,
      -497.6812,
      5.417904
    ],
    "value": 0,
    "country": "US",
    "z_offset": 0,
    "height": 0,
    "width": 0,
    "type_def": "morai",
    "ref_crosswalk_id": "",
    "heading": 88.1404
  },
  {
    "idx": "Traffic_Light (2)",
    "link_id_list": [
      "209",
      "211",
      "205",
      "210"
    ],
    "road_id": "",
    "type": "car",
    "sub_type": [
      "red",
      "yellow",
      "straight"
    ],
    "dynamic": false,
    "orientation": "vertical",
    "point": [
      -246.2444,
      -498.5222,
      5.407906
    ],
    "value": 0,
    "country": "US",
    "z_offset": 0,
    "height": 0,
    "width": 0,
    "type_def": "morai",
    "ref_crosswalk_id": "",
    "heading": 267.990383
  },
  {
    "idx": "Traffic_Light (3)",
    "link_id_list": [
      "194",
      "214",
      "213"
    ],
    "road_id": "",
    "type": "car",
    "sub_type": [
      "red",
      "yellow",
      "straight"
    ],
    "dynamic": false,
    "orientation": "vertical",
    "point": [
      -257.2244,
      -497.6353,
      5.418907
    ],
    "value": 0,
    "country": "US",
    "z_offset": 0,
    "height": 0,
    "width": 0,
    "type_def": "morai",
    "ref_crosswalk_id": "",
    "heading": 88.1404
  },
  {
    "idx": "Traffic_Light (4)",
    "link_id_list": [
      "206",
      "207",
      "208",
      "197"
    ],
    "road_id": "",
    "type": "car",
    "sub_type": [
      "red",
      "yellow",
      "straight"
    ],
    "dynamic": false,
    "orientation": "vertical",
    "point": [
      -219.3284,
      -485.2072,
      5.288906
    ],
    "value": 0,
    "country": "US",
    "z_offset": 0,
    "height": 0,
    "width": 0,
    "type_def": "morai",
    "ref_crosswalk_id": "",
    "heading": 178.14019000000002
  },
  {
    "idx": "Traffic_Light (5)",
    "link_id_list": [
      "206",
      "207",
      "208",
      "197"
    ],
    "road_id": "",
    "type": "car",
    "sub_type": [
      "red",
      "yellow",
      "straight"
    ],
    "dynamic": false,
    "orientation": "vertical",
    "point": [
      -219.2614,
      -481.8572,
      5.303905
    ],
    "value": 0,
    "country": "US",
    "z_offset": 0,
    "height": 0,
    "width": 0,
    "type_def": "morai",
    "ref_crosswalk_id": "",
    "heading": 178.13494
  },
  {
    "idx": "Traffic_Light (6)",
    "link_id_list": [
      "206",
      "207",
      "208",
      "197"
    ],
    "road_id": "",
    "type": "car",
    "sub_type": [
      "red",
      "yellow",
      "straight"
    ],
    "dynamic": false,
    "orientation": "vertical",
    "point": [
      -219.1754,
      -478.0472,
      5.288906
    ],
    "value": 0,
    "country": "US",
    "z_offset": 0,
    "height": 0,
    "width": 0,
    "type_def": "morai",
    "ref_crosswalk_id": "",
    "heading": 178.14706999999999
  },
  {
    "idx": "Traffic_Light (7)",
    "link_id_list": [
      "212",
      "215",
      "216",
      "204"
    ],
    "road_id": "",
    "type": "car",
    "sub_type": [
      "red",
      "yellow",
      "straight"
    ],
    "dynamic": false,
    "orientation": "vertical",
    "point": [
      -218.5144,
      -474.1873,
      5.293907
    ],
    "value": 0,
    "country": "US",
    "z_offset": 0,
    "height": 0,
    "width": 0,
    "type_def": "morai",
    "ref_crosswalk_id": "",
    "heading": -0.34149999999999636
  },
  {
    "idx": "Traffic_Light (8)",
    "link_id_list": [
      "209",
      "210",
      "211",
      "205"
    ],
    "road_id": "",
    "type": "car",
    "sub_type": [
      "red",
      "yellow",
      "straight"
    ],
    "dynamic": false,
    "orientation": "vertical",
    "point": [
      -232.1143,
      -427.1263,
      5.422905
    ],
    "value": 0,
    "country": "US",
    "z_offset": 0,
    "height": 0,
    "width": 0,
    "type_def": "morai",
    "ref_crosswalk_id": "",
    "heading": 268.14002
  },
  {
    "idx": "Traffic_Light (9)",
    "link_id_list": [
      "209",
      "210",
      "211",
      "205"
    ],
    "road_id": "",
    "type": "car",
    "sub_type": [
      "red",
      "yellow",
      "straight"
    ],
    "dynamic": false,
    "orientation": "vertical",
    "point": [
      -235.5444,
      -427.0812,
      5.412907
    ],
    "value": 0,
    "country": "US",
    "z_offset": 0,
    "height": 0,
    "width": 0,
    "type_def": "morai",
    "ref_crosswalk_id": "",
    "heading": 268.140018
  },
  {
    "idx": "Traffic_Light (10)",
    "link_id_list": [
      "209",
      "210",
      "211",
      "205"
    ],
    "road_id": "",
    "type": "car",
    "sub_type": [
      "red",
      "yellow",
      "straight"
    ],
    "dynamic": false,
    "orientation": "vertical",
    "point": [
      -239.3544,
      -427.0363,
      5.419907
    ],
    "value": 0,
    "country": "US",
    "z_offset": 0,
    "height": 0,
    "width": 0,
    "type_def": "morai",
    "ref_crosswalk_id": "",
    "heading": 268.133327
  },
  {
    "idx": "Traffic_Light (11)",
    "link_id_list": [
      "194",
      "214",
      "213"
    ],
    "road_id": "",
    "type": "car",
    "sub_type": [
      "red",
      "yellow",
      "straight"
    ],
    "dynamic": false,
    "orientation": "vertical",
    "point": [
      -243.1644,
      -426.2542,
      5.414906
    ],
    "value": 0,
    "country": "US",
    "z_offset": 0,
    "height": 0,
    "width": 0,
    "type_def": "morai",
    "ref_crosswalk_id": "",
    "heading": 88.1404
  },
  {
    "idx": "Traffic_Light (12)",
    "link_id_list": [
      "212",
      "215",
      "216",
      "204"
    ],
    "road_id": "",
    "type": "car",
    "sub_type": [
      "red",
      "yellow",
      "straight"
    ],
    "dynamic": false,
    "orientation": "vertical",
    "point": [
      -278.7784,
      -448.3472,
      5.412907
    ],
    "value": 0,
    "country": "US",
    "z_offset": 0,
    "height": 0,
    "width": 0,
    "type_def": "morai",
    "ref_crosswalk_id": "",
    "heading": -1.8595000000000255
  },
  {
    "idx": "Traffic_Light (13)",
    "link_id_list": [
      "212",
      "215",
      "216",
      "204"
    ],
    "road_id": "",
    "type": "car",
    "sub_type": [
      "red",
      "yellow",
      "straight"
    ],
    "dynamic": false,
    "orientation": "vertical",
    "point": [
      -279.0233,
      -451.5472,
      5.412907
    ],
    "value": 0,
    "country": "US",
    "z_offset": 0,
    "height": 0,
    "width": 0,
    "type_def": "morai",
    "ref_crosswalk_id": "",
    "heading": -1.8595000000000255
  },
  {
    "idx": "Traffic_Light (14)",
    "link_id_list": [
      "212",
      "215",
      "216",
      "204"
    ],
    "road_id": "",
    "type": "car",
    "sub_type": [
      "red",
      "yellow",
      "straight"
    ],
    "dynamic": false,
    "orientation": "vertical",
    "point": [
      -279.3404,
      -455.5273,
      5.420906
    ],
    "value": 0,
    "country": "US",
    "z_offset": 0,
    "height": 0,
    "width": 0,
    "type_def": "morai",
    "ref_crosswalk_id": "",
    "heading": -1.8595000000000255
  },
  {
    "idx": "Traffic_Light (15)",
    "link_id_list": [
      "206",
      "207",
      "208",
      "197"
    ],
    "road_id": "",
    "type": "car",
    "sub_type": [
      "red",
      "yellow",
      "straight"
    ],
    "dynamic": false,
    "orientation": "vertical",
    "point": [
      -280.3144,
      -459.1172,
      5.424904
    ],
    "value": 0,
    "country": "US",
    "z_offset": 0,
    "height": 0,
    "width": 0,
    "type_def": "morai",
    "ref_crosswalk_id": "",
    "heading": 172.31310000000002
  },
  {
    "idx": "Traffic_Light_Arrow (1)",
    "link_id_list": [
      "200",
      "201"
    ],
    "road_id": "",
    "type": "car",
    "sub_type": [
      "red",
      "yellow",
      "left"
    ],
    "dynamic": false,
    "orientation": "vertical",
    "point": [
      -279.6584,
      -460.03,
      5.422905
    ],
    "value": 0,
    "country": "US",
    "z_offset": 0,
    "height": 0,
    "width": 0,
    "type_def": "morai",
    "ref_crosswalk_id": "",
    "heading": -6.31310000000002
  },
  {
    "idx": "Traffic_Light_Arrow (2)",
    "link_id_list": [
      "202",
      "203"
    ],
    "road_id": "",
    "type": "car",
    "sub_type": [
      "red",
      "yellow",
      "left"
    ],
    "dynamic": false,
    "orientation": "vertical",
    "point": [
      -245.3,
      -497.8112,
      5.406906
    ],
    "value": 0,
    "country": "US",
    "z_offset": 0,
    "height": 0,
    "width": 0,
    "type_def": "morai",
    "ref_crosswalk_id": "",
    "heading": 89.99000000000001
  },
  {
    "idx": "Traffic_Light_Arrow (3)",
    "link_id_list": [
      "195",
      "196"
    ],
    "road_id": "",
    "type": "car",
    "sub_type": [
      "red",
      "yellow",
      "left"
    ],
    "dynamic": false,
    "orientation": "vertical",
    "point": [
      -219.1954,
      -473.19,
      5.294907
    ],
    "value": 0,
    "country": "US",
    "z_offset": 0,
    "height": 0,
    "width": 0,
    "type_def": "morai",
    "ref_crosswalk_id": "",
    "heading": 179.98982999999998
  },
  {
    "idx": "Traffic_Light_Arrow (4)",
    "link_id_list": [
      "198",
      "199"
    ],
    "road_id": "",
    "type": "car",
    "sub_type": [
      "red",
      "yellow",
      "left"
    ],
    "dynamic": false,
    "orientation": "vertical",
    "point": [
      -244.1244,
      -426.9572,
      5.409904
    ],
    "value": 0,
    "country": "US",
    "z_offset": 0,
    "height": 0,
    "width": 0,
    "type_def": "morai",
    "ref_crosswalk_id": "",
    "heading": 269.98965739
  },
  {
    "idx": "Traffic_Light (16)",
    "link_id_list": [
      "226",
      "233",
      "231",
      "232"
    ],
    "road_id": "",
    "type": "car",
    "sub_type": [
      "red",
      "yellow",
      "straight"
    ],
    "dynamic": false,
    "orientation": "vertical",
    "point": [
      -247.2144,
      -177.3642,
      5.411907
    ],
    "value": 0,
    "country": "US",
    "z_offset": 0,
    "height": 0,
    "width": 0,
    "type_def": "morai",
    "ref_crosswalk_id": "",
    "heading": 88.1404
  },
  {
    "idx": "Traffic_Light (17)",
    "link_id_list": [
      "226",
      "233",
      "231",
      "232"
    ],
    "road_id": "",
    "type": "car",
    "sub_type": [
      "red",
      "yellow",
      "straight"
    ],
    "dynamic": false,
    "orientation": "vertical",
    "point": [
      -251.1644,
      -177.3392,
      5.411907
    ],
    "value": 0,
    "country": "US",
    "z_offset": 0,
    "height": 0,
    "width": 0,
    "type_def": "morai",
    "ref_crosswalk_id": "",
    "heading": 88.1404
  },
  {
    "idx": "Traffic_Light (18)",
    "link_id_list": [
      "230",
      "229",
      "224"
    ],
    "road_id": "",
    "type": "car",
    "sub_type": [
      "red",
      "yellow",
      "straight"
    ],
    "dynamic": false,
    "orientation": "vertical",
    "point": [
      -243.6987,
      -178.1062,
      5.430904
    ],
    "value": 0,
    "country": "US",
    "z_offset": 0,
    "height": 0,
    "width": 0,
    "type_def": "morai",
    "ref_crosswalk_id": "",
    "heading": 267.990383
  },
  {
    "idx": "Traffic_Light (19)",
    "link_id_list": [
      "226",
      "233",
      "231",
      "232"
    ],
    "road_id": "",
    "type": "car",
    "sub_type": [
      "red",
      "yellow",
      "straight"
    ],
    "dynamic": false,
    "orientation": "vertical",
    "point": [
      -254.3643,
      -177.3132,
      5.408905
    ],
    "value": 0,
    "country": "US",
    "z_offset": 0,
    "height": 0,
    "width": 0,
    "type_def": "morai",
    "ref_crosswalk_id": "",
    "heading": 88.1404
  },
  {
    "idx": "Traffic_Light (20)",
    "link_id_list": [
      "217",
      "236"
    ],
    "road_id": "",
    "type": "car",
    "sub_type": [
      "red",
      "yellow",
      "straight"
    ],
    "dynamic": false,
    "orientation": "vertical",
    "point": [
      -217.1273,
      -170.1672,
      5.288906
    ],
    "value": 0,
    "country": "US",
    "z_offset": 0,
    "height": 0,
    "width": 0,
    "type_def": "morai",
    "ref_crosswalk_id": "",
    "heading": 178.14019000000002
  },
  {
    "idx": "Traffic_Light (21)",
    "link_id_list": [
      "217",
      "236"
    ],
    "road_id": "",
    "type": "car",
    "sub_type": [
      "red",
      "yellow",
      "straight"
    ],
    "dynamic": false,
    "orientation": "vertical",
    "point": [
      -217.1174,
      -167.1772,
      5.288906
    ],
    "value": 0,
    "country": "US",
    "z_offset": 0,
    "height": 0,
    "width": 0,
    "type_def": "morai",
    "ref_crosswalk_id": "",
    "heading": 178.13494
  },
  {
    "idx": "Traffic_Light (23)",
    "link_id_list": [
      "235",
      "234",
      "225"
    ],
    "road_id": "",
    "type": "car",
    "sub_type": [
      "red",
      "yellow",
      "straight"
    ],
    "dynamic": false,
    "orientation": "vertical",
    "point": [
      -216.3914,
      -159.7473,
      5.291904
    ],
    "value": 0,
    "country": "US",
    "z_offset": 0,
    "height": 0,
    "width": 0,
    "type_def": "morai",
    "ref_crosswalk_id": "",
    "heading": -0.34149999999999636
  },
  {
    "idx": "Traffic_Light (25)",
    "link_id_list": [
      "230",
      "229",
      "224"
    ],
    "road_id": "",
    "type": "car",
    "sub_type": [
      "red",
      "yellow",
      "straight"
    ],
    "dynamic": false,
    "orientation": "vertical",
    "point": [
      -230.6044,
      -136.2943,
      5.409904
    ],
    "value": 0,
    "country": "US",
    "z_offset": 0,
    "height": 0,
    "width": 0,
    "type_def": "morai",
    "ref_crosswalk_id": "",
    "heading": 269.1959401
  },
  {
    "idx": "Traffic_Light (26)",
    "link_id_list": [
      "230",
      "229",
      "224"
    ],
    "road_id": "",
    "type": "car",
    "sub_type": [
      "red",
      "yellow",
      "straight"
    ],
    "dynamic": false,
    "orientation": "vertical",
    "point": [
      -233.6743,
      -136.2832,
      5.409904
    ],
    "value": 0,
    "country": "US",
    "z_offset": 0,
    "height": 0,
    "width": 0,
    "type_def": "morai",
    "ref_crosswalk_id": "",
    "heading": -88.73930000000001
  },
  {
    "idx": "Traffic_Light (27)",
    "link_id_list": [
      "226",
      "233",
      "231",
      "232"
    ],
    "road_id": "",
    "type": "car",
    "sub_type": [
      "red",
      "yellow",
      "straight"
    ],
    "dynamic": false,
    "orientation": "vertical",
    "point": [
      -241.0644,
      -135.5212,
      5.414906
    ],
    "value": 0,
    "country": "US",
    "z_offset": 0,
    "height": 0,
    "width": 0,
    "type_def": "morai",
    "ref_crosswalk_id": "",
    "heading": 90.0738
  },
  {
    "idx": "Traffic_Light (28)",
    "link_id_list": [
      "235",
      "234",
      "225"
    ],
    "road_id": "",
    "type": "car",
    "sub_type": [
      "red",
      "yellow",
      "straight"
    ],
    "dynamic": false,
    "orientation": "vertical",
    "point": [
      -267.6204,
      -149.7272,
      5.418907
    ],
    "value": 0,
    "country": "US",
    "z_offset": 0,
    "height": 0,
    "width": 0,
    "type_def": "morai",
    "ref_crosswalk_id": "",
    "heading": 2.272699999999986
  },
  {
    "idx": "Traffic_Light (29)",
    "link_id_list": [
      "235",
      "234",
      "225"
    ],
    "road_id": "",
    "type": "car",
    "sub_type": [
      "red",
      "yellow",
      "straight"
    ],
    "dynamic": false,
    "orientation": "vertical",
    "point": [
      -267.6443,
      -152.1572,
      5.412907
    ],
    "value": 0,
    "country": "US",
    "z_offset": 0,
    "height": 0,
    "width": 0,
    "type_def": "morai",
    "ref_crosswalk_id": "",
    "heading": 2.272699999999986
  },
  {
    "idx": "Traffic_Light (30)",
    "link_id_list": [
      "235",
      "234",
      "225"
    ],
    "road_id": "",
    "type": "car",
    "sub_type": [
      "red",
      "yellow",
      "straight"
    ],
    "dynamic": false,
    "orientation": "vertical",
    "point": [
      -267.6774,
      -156.1572,
      5.423904
    ],
    "value": 0,
    "country": "US",
    "z_offset": 0,
    "height": 0,
    "width": 0,
    "type_def": "morai",
    "ref_crosswalk_id": "",
    "heading": 2.272699999999986
  },
  {
    "idx": "Traffic_Light (31)",
    "link_id_list": [
      "217",
      "236"
    ],
    "road_id": "",
    "type": "car",
    "sub_type": [
      "red",
      "yellow",
      "straight"
    ],
    "dynamic": false,
    "orientation": "vertical",
    "point": [
      -268.4404,
      -159.5672,
      5.457905
    ],
    "value": 0,
    "country": "US",
    "z_offset": 0,
    "height": 0,
    "width": 0,
    "type_def": "morai",
    "ref_crosswalk_id": "",
    "heading": 178.05231
  },
  {
    "idx": "Traffic_Light_Arrow (5)",
    "link_id_list": [
      "228",
      "227"
    ],
    "road_id": "",
    "type": "car",
    "sub_type": [
      "red",
      "yellow",
      "left"
    ],
    "dynamic": false,
    "orientation": "vertical",
    "point": [
      -267.7133,
      -160.4973,
      5.407906
    ],
    "value": 0,
    "country": "US",
    "z_offset": 0,
    "height": 0,
    "width": 0,
    "type_def": "morai",
    "ref_crosswalk_id": "",
    "heading": -1.0153000000000247
  },
  {
    "idx": "Traffic_Light_Arrow (6)",
    "link_id_list": [
      "222",
      "223"
    ],
    "road_id": "",
    "type": "car",
    "sub_type": [
      "red",
      "yellow",
      "left"
    ],
    "dynamic": false,
    "orientation": "vertical",
    "point": [
      -242.8643,
      -177.3772,
      5.406906
    ],
    "value": 0,
    "country": "US",
    "z_offset": 0,
    "height": 0,
    "width": 0,
    "type_def": "morai",
    "ref_crosswalk_id": "",
    "heading": 89.99000000000001
  },
  {
    "idx": "Traffic_Light_Arrow (7)",
    "link_id_list": [
      "221",
      "220"
    ],
    "road_id": "",
    "type": "car",
    "sub_type": [
      "red",
      "yellow",
      "left"
    ],
    "dynamic": false,
    "orientation": "vertical",
    "point": [
      -217.0974,
      -158.8472,
      5.287907
    ],
    "value": 0,
    "country": "US",
    "z_offset": 0,
    "height": 0,
    "width": 0,
    "type_def": "morai",
    "ref_crosswalk_id": "",
    "heading": 179.98982999999998
  },
  {
    "idx": "Traffic_Light_Arrow (8)",
    "link_id_list": [
      "230",
      "229",
      "224"
    ],
    "road_id": "",
    "type": "car",
    "sub_type": [
      "red",
      "yellow",
      "left"
    ],
    "dynamic": false,
    "orientation": "vertical",
    "point": [
      -237.6143,
      -136.2552,
      5.411907
    ],
    "value": 0,
    "country": "US",
    "z_offset": 0,
    "height": 0,
    "width": 0,
    "type_def": "morai",
    "ref_crosswalk_id": "",
    "heading": 269.98965739
  },
  {
    "idx": "Traffic_Light_Arrow (9)",
    "link_id_list": [
      "219",
      "218"
    ],
    "road_id": "",
    "type": "car",
    "sub_type": [
      "red",
      "yellow",
      "left"
    ],
    "dynamic": false,
    "orientation": "vertical",
    "point": [
      -241.9944,
      -136.2392,
      5.414906
    ],
    "value": 0,
    "country": "US",
    "z_offset": 0,
    "height": 0,
    "width": 0,
    "type_def": "morai",
    "ref_crosswalk_id": "",
    "heading": 268.984827
  },
  {
    "idx": "Traffic_Light (22)",
    "link_id_list": [
      "LN000063",
      "LN000061",
      "LN000062",
      "173"
    ],
    "road_id": "",
    "type": "car",
    "sub_type": [
      "red",
      "yellow",
      "straight"
    ],
    "dynamic": false,
    "orientation": "vertical",
    "point": [
      -246.1244,
      253.6777,
      5.412907
    ],
    "value": 0,
    "country": "US",
    "z_offset": 0,
    "height": 0,
    "width": 0,
    "type_def": "morai",
    "ref_crosswalk_id": "",
    "heading": 88.1404
  },
  {
    "idx": "Traffic_Light (32)",
    "link_id_list": [
      "LN000063",
      "LN000061",
      "LN000062",
      "173"
    ],
    "road_id": "",
    "type": "car",
    "sub_type": [
      "red",
      "yellow",
      "straight"
    ],
    "dynamic": false,
    "orientation": "vertical",
    "point": [
      -249.8943,
      253.5948,
      5.411907
    ],
    "value": 0,
    "country": "US",
    "z_offset": 0,
    "height": 0,
    "width": 0,
    "type_def": "morai",
    "ref_crosswalk_id": "",
    "heading": 88.1404
  },
  {
    "idx": "Traffic_Light (33)",
    "link_id_list": [
      "LN000063",
      "LN000061",
      "LN000062",
      "173"
    ],
    "road_id": "",
    "type": "car",
    "sub_type": [
      "red",
      "yellow",
      "straight"
    ],
    "dynamic": false,
    "orientation": "vertical",
    "point": [
      -253.2944,
      253.5157,
      5.407906
    ],
    "value": 0,
    "country": "US",
    "z_offset": 0,
    "height": 0,
    "width": 0,
    "type_def": "morai",
    "ref_crosswalk_id": "",
    "heading": 88.1404
  },
  {
    "idx": "Traffic_Light (35)",
    "link_id_list": [
      "174",
      "178",
      "253"
    ],
    "road_id": "",
    "type": "car",
    "sub_type": [
      "red",
      "yellow",
      "straight"
    ],
    "dynamic": false,
    "orientation": "vertical",
    "point": [
      -224.8513,
      262.5527,
      5.281906
    ],
    "value": 0,
    "country": "US",
    "z_offset": 0,
    "height": 0,
    "width": 0,
    "type_def": "morai",
    "ref_crosswalk_id": "",
    "heading": 178.13494
  },
  {
    "idx": "Traffic_Light (37)",
    "link_id_list": [
      "177",
      "172",
      "171",
      "170"
    ],
    "road_id": "",
    "type": "car",
    "sub_type": [
      "red",
      "yellow",
      "straight"
    ],
    "dynamic": false,
    "orientation": "vertical",
    "point": [
      -234.9644,
      285.8727,
      5.409904
    ],
    "value": 0,
    "country": "US",
    "z_offset": 0,
    "height": 0,
    "width": 0,
    "type_def": "morai",
    "ref_crosswalk_id": "",
    "heading": 268.133327
  },
  {
    "idx": "Traffic_Light (38)",
    "link_id_list": [
      "LN000063",
      "LN000061",
      "LN000062",
      "173"
    ],
    "road_id": "",
    "type": "car",
    "sub_type": [
      "red",
      "yellow",
      "straight"
    ],
    "dynamic": false,
    "orientation": "vertical",
    "point": [
      -242.5844,
      286.6987,
      5.443905
    ],
    "value": 0,
    "country": "US",
    "z_offset": 0,
    "height": 0,
    "width": 0,
    "type_def": "morai",
    "ref_crosswalk_id": "",
    "heading": 88.1404
  },
  {
    "idx": "Traffic_Light (39)",
    "link_id_list": [],
    "road_id": "",
    "type": "car",
    "sub_type": [
      "red",
      "yellow",
      "straight"
    ],
    "dynamic": false,
    "orientation": "vertical",
    "point": [
      -259.3383,
      280.8027,
      5.407906
    ],
    "value": 0,
    "country": "US",
    "z_offset": 0,
    "height": 0,
    "width": 0,
    "type_def": "morai",
    "ref_crosswalk_id": "",
    "heading": 2.272699999999986
  },
  {
    "idx": "Traffic_Light (40)",
    "link_id_list": [],
    "road_id": "",
    "type": "car",
    "sub_type": [
      "red",
      "yellow",
      "straight"
    ],
    "dynamic": false,
    "orientation": "vertical",
    "point": [
      -259.3574,
      277.4028,
      5.406906
    ],
    "value": 0,
    "country": "US",
    "z_offset": 0,
    "height": 0,
    "width": 0,
    "type_def": "morai",
    "ref_crosswalk_id": "",
    "heading": 2.272699999999986
  },
  {
    "idx": "Traffic_Light (41)",
    "link_id_list": [],
    "road_id": "",
    "type": "car",
    "sub_type": [
      "red",
      "yellow",
      "straight"
    ],
    "dynamic": false,
    "orientation": "vertical",
    "point": [
      -259.3344,
      273.6428,
      5.423904
    ],
    "value": 0,
    "country": "US",
    "z_offset": 0,
    "height": 0,
    "width": 0,
    "type_def": "morai",
    "ref_crosswalk_id": "",
    "heading": 2.272699999999986
  },
  {
    "idx": "Traffic_Light (42)",
    "link_id_list": [
      "174",
      "178",
      "253"
    ],
    "road_id": "",
    "type": "car",
    "sub_type": [
      "red",
      "yellow",
      "straight"
    ],
    "dynamic": false,
    "orientation": "vertical",
    "point": [
      -260.1344,
      269.7928,
      5.413906
    ],
    "value": 0,
    "country": "US",
    "z_offset": 0,
    "height": 0,
    "width": 0,
    "type_def": "morai",
    "ref_crosswalk_id": "",
    "heading": 178.05231
  },
  {
    "idx": "Traffic_Light_Arrow (10)",
    "link_id_list": [],
    "road_id": "",
    "type": "car",
    "sub_type": [
      "red",
      "yellow",
      "left"
    ],
    "dynamic": false,
    "orientation": "vertical",
    "point": [
      -259.4113,
      268.8627,
      5.417904
    ],
    "value": 0,
    "country": "US",
    "z_offset": 0,
    "height": 0,
    "width": 0,
    "type_def": "morai",
    "ref_crosswalk_id": "",
    "heading": -1.0153000000000247
  },
  {
    "idx": "Traffic_Light_Arrow (11)",
    "link_id_list": [
      "LN000063",
      "LN000061",
      "LN000062",
      "173"
    ],
    "road_id": "",
    "type": "car",
    "sub_type": [
      "red",
      "yellow",
      "left"
    ],
    "dynamic": false,
    "orientation": "vertical",
    "point": [
      -242.3844,
      253.7628,
      5.416904
    ],
    "value": 0,
    "country": "US",
    "z_offset": 0,
    "height": 0,
    "width": 0,
    "type_def": "morai",
    "ref_crosswalk_id": "",
    "heading": 89.99000000000001
  },
  {
    "idx": "Traffic_Light_Arrow (12)",
    "link_id_list": [
      "174",
      "178",
      "253"
    ],
    "road_id": "",
    "type": "car",
    "sub_type": [
      "red",
      "yellow",
      "left"
    ],
    "dynamic": false,
    "orientation": "vertical",
    "point": [
      -224.7343,
      266.1827,
      5.287907
    ],
    "value": 0,
    "country": "US",
    "z_offset": 0,
    "height": 0,
    "width": 0,
    "type_def": "morai",
    "ref_crosswalk_id": "",
    "heading": 179.98982999999998
  },
  {
    "idx": "Traffic_Light_Arrow (13)",
    "link_id_list": [
      "177",
      "172",
      "171",
      "170"
    ],
    "road_id": "",
    "type": "car",
    "sub_type": [
      "red",
      "yellow",
      "straight"
    ],
    "dynamic": false,
    "orientation": "vertical",
    "point": [
      -238.7944,
      285.9327,
      5.407906
    ],
    "value": 0,
    "country": "US",
    "z_offset": 0,
    "height": 0,
    "width": 0,
    "type_def": "morai",
    "ref_crosswalk_id": "",
    "heading": 269.98965739
  },
  {
    "idx": "Traffic_Light (43)",
    "link_id_list": [
      "177",
      "172",
      "171",
      "170"
    ],
    "road_id": "",
    "type": "car",
    "sub_type": [
      "red",
      "yellow",
      "straight"
    ],
    "dynamic": false,
    "orientation": "vertical",
    "point": [
      -243.3344,
      253.0088,
      5.409904
    ],
    "value": 0,
    "country": "US",
    "z_offset": 0,
    "height": 0,
    "width": 0,
    "type_def": "morai",
    "ref_crosswalk_id": "",
    "heading": 267.915485
  },
  {
    "idx": "Traffic_Light (44)",
    "link_id_list": [
      "177",
      "172",
      "171",
      "170"
    ],
    "road_id": "",
    "type": "car",
    "sub_type": [
      "red",
      "yellow",
      "straight"
    ],
    "dynamic": false,
    "orientation": "vertical",
    "point": [
      -231.5544,
      285.8307,
      5.413906
    ],
    "value": 0,
    "country": "US",
    "z_offset": 0,
    "height": 0,
    "width": 0,
    "type_def": "morai",
    "ref_crosswalk_id": "",
    "heading": 268.140018
  },
  {
    "idx": "Traffic_Light_Arrow (14)",
    "link_id_list": [
      "177",
      "172",
      "171",
      "170"
    ],
    "road_id": "",
    "type": "car",
    "sub_type": [
      "red",
      "yellow",
      "left"
    ],
    "dynamic": false,
    "orientation": "vertical",
    "point": [
      -243.5444,
      286.0078,
      5.416904
    ],
    "value": 0,
    "country": "US",
    "z_offset": 0,
    "height": 0,
    "width": 0,
    "type_def": "morai",
    "ref_crosswalk_id": "",
    "heading": 268.984827
  },
  {
    "idx": "Traffic_Light (34)",
    "link_id_list": [
      "148",
      "147",
      "145"
    ],
    "road_id": "",
    "type": "car",
    "sub_type": [
      "red",
      "yellow",
      "straight"
    ],
    "dynamic": false,
    "orientation": "vertical",
    "point": [
      -247.8444,
      706.0537,
      5.413906
    ],
    "value": 0,
    "country": "US",
    "z_offset": 0,
    "height": 0,
    "width": 0,
    "type_def": "morai",
    "ref_crosswalk_id": "",
    "heading": 88.1404
  },
  {
    "idx": "Traffic_Light (36)",
    "link_id_list": [
      "148",
      "147",
      "145"
    ],
    "road_id": "",
    "type": "car",
    "sub_type": [
      "red",
      "yellow",
      "straight"
    ],
    "dynamic": false,
    "orientation": "vertical",
    "point": [
      -251.1844,
      705.9747,
      5.408905
    ],
    "value": 0,
    "country": "US",
    "z_offset": 0,
    "height": 0,
    "width": 0,
    "type_def": "morai",
    "ref_crosswalk_id": "",
    "heading": 88.1404
  },
  {
    "idx": "Traffic_Light_Arrow (15)",
    "link_id_list": [
      "240",
      "239",
      "238"
    ],
    "road_id": "",
    "type": "car",
    "sub_type": [
      "red",
      "yellow",
      "straight"
    ],
    "dynamic": false,
    "orientation": "vertical",
    "point": [
      -255.4124,
      730.1627,
      5.459904
    ],
    "value": 0,
    "country": "US",
    "z_offset": 0,
    "height": 0,
    "width": 0,
    "type_def": "morai",
    "ref_crosswalk_id": "",
    "heading": -1.0153000000000247
  },
  {
    "idx": "Traffic_Light_Arrow (16)",
    "link_id_list": [
      "237"
    ],
    "road_id": "",
    "type": "car",
    "sub_type": [
      "red",
      "yellow",
      "left"
    ],
    "dynamic": false,
    "orientation": "vertical",
    "point": [
      -243.8943,
      706.1407,
      5.420906
    ],
    "value": 0,
    "country": "US",
    "z_offset": 0,
    "height": 0,
    "width": 0,
    "type_def": "morai",
    "ref_crosswalk_id": "",
    "heading": 89.99000000000001
  },
  {
    "idx": "Traffic_Light_Arrow (18)",
    "link_id_list": [
      "146",
      "144",
      "241"
    ],
    "road_id": "",
    "type": "car",
    "sub_type": [
      "red",
      "yellow",
      "straight"
    ],
    "dynamic": false,
    "orientation": "vertical",
    "point": [
      -234.2344,
      737.7648,
      5.405907
    ],
    "value": 0,
    "country": "US",
    "z_offset": 0,
    "height": 0,
    "width": 0,
    "type_def": "morai",
    "ref_crosswalk_id": "",
    "heading": 269.98965739
  },
  {
    "idx": "Traffic_Light (52)",
    "link_id_list": [
      "146",
      "144",
      "241"
    ],
    "road_id": "",
    "type": "car",
    "sub_type": [
      "red",
      "yellow",
      "straight"
    ],
    "dynamic": false,
    "orientation": "vertical",
    "point": [
      -229.6644,
      737.6937,
      5.411907
    ],
    "value": 0,
    "country": "US",
    "z_offset": 0,
    "height": 0,
    "width": 0,
    "type_def": "morai",
    "ref_crosswalk_id": "",
    "heading": 268.140018
  },
  {
    "idx": "Traffic_Light_Arrow (19)",
    "link_id_list": [
      "146",
      "144",
      "241"
    ],
    "road_id": "",
    "type": "car",
    "sub_type": [
      "red",
      "yellow",
      "straight"
    ],
    "dynamic": false,
    "orientation": "vertical",
    "point": [
      -239.1844,
      737.8397,
      5.407906
    ],
    "value": 0,
    "country": "US",
    "z_offset": 0,
    "height": 0,
    "width": 0,
    "type_def": "morai",
    "ref_crosswalk_id": "",
    "heading": 268.984827
  },
  {
    "idx": "Traffic_Light (45)",
    "link_id_list": [
      "242",
      "149"
    ],
    "road_id": "",
    "type": "car",
    "sub_type": [
      "red",
      "yellow",
      "straight"
    ],
    "dynamic": false,
    "orientation": "vertical",
    "point": [
      17.58563,
      713.3098,
      5.409904
    ],
    "value": 0,
    "country": "US",
    "z_offset": 0,
    "height": 0,
    "width": 0,
    "type_def": "morai",
    "ref_crosswalk_id": "",
    "heading": 88.1404
  },
  {
    "idx": "Traffic_Light (47)",
    "link_id_list": [
      "242",
      "149"
    ],
    "road_id": "",
    "type": "car",
    "sub_type": [
      "red",
      "yellow",
      "straight"
    ],
    "dynamic": false,
    "orientation": "vertical",
    "point": [
      14.16565,
      713.2858,
      5.411907
    ],
    "value": 0,
    "country": "US",
    "z_offset": 0,
    "height": 0,
    "width": 0,
    "type_def": "morai",
    "ref_crosswalk_id": "",
    "heading": 88.1404
  },
  {
    "idx": "Traffic_Light (50)",
    "link_id_list": [
      "LN000025",
      "244"
    ],
    "road_id": "",
    "type": "car",
    "sub_type": [
      "red",
      "yellow",
      "straight"
    ],
    "dynamic": false,
    "orientation": "vertical",
    "point": [
      25.88562,
      748.2528,
      5.409904
    ],
    "value": 0,
    "country": "US",
    "z_offset": 0,
    "height": 0,
    "width": 0,
    "type_def": "morai",
    "ref_crosswalk_id": "",
    "heading": 268.133327
  },
  {
    "idx": "Traffic_Light (54)",
    "link_id_list": [
      "252",
      "LN000046",
      "243"
    ],
    "road_id": "",
    "type": "car",
    "sub_type": [
      "red",
      "yellow",
      "straight"
    ],
    "dynamic": false,
    "orientation": "vertical",
    "point": [
      2.273651,
      735.4227,
      5.410904
    ],
    "value": 0,
    "country": "US",
    "z_offset": 0,
    "height": 0,
    "width": 0,
    "type_def": "morai",
    "ref_crosswalk_id": "",
    "heading": 2.272699999999986
  },
  {
    "idx": "Traffic_Light_Arrow (17)",
    "link_id_list": [
      "LN000047"
    ],
    "road_id": "",
    "type": "car",
    "sub_type": [
      "red",
      "yellow",
      "left"
    ],
    "dynamic": false,
    "orientation": "vertical",
    "point": [
      2.248657,
      727.5227,
      5.414906
    ],
    "value": 0,
    "country": "US",
    "z_offset": 0,
    "height": 0,
    "width": 0,
    "type_def": "morai",
    "ref_crosswalk_id": "",
    "heading": -1.0153000000000247
  },
  {
    "idx": "Traffic_Light_Arrow (20)",
    "link_id_list": [
      "248"
    ],
    "road_id": "",
    "type": "car",
    "sub_type": [
      "red",
      "yellow",
      "left"
    ],
    "dynamic": false,
    "orientation": "vertical",
    "point": [
      22.13562,
      713.3187,
      5.413906
    ],
    "value": 0,
    "country": "US",
    "z_offset": 0,
    "height": 0,
    "width": 0,
    "type_def": "morai",
    "ref_crosswalk_id": "",
    "heading": 89.99000000000001
  },
  {
    "idx": "Traffic_Light_Arrow (21)",
    "link_id_list": [
      "247"
    ],
    "road_id": "",
    "type": "car",
    "sub_type": [
      "red",
      "yellow",
      "left"
    ],
    "dynamic": false,
    "orientation": "vertical",
    "point": [
      33.83563,
      728.9728,
      5.407906
    ],
    "value": 0,
    "country": "US",
    "z_offset": 0,
    "height": 0,
    "width": 0,
    "type_def": "morai",
    "ref_crosswalk_id": "",
    "heading": 179.98982999999998
  },
  {
    "idx": "Traffic_Light_Arrow (22)",
    "link_id_list": [
      "246"
    ],
    "road_id": "",
    "type": "car",
    "sub_type": [
      "red",
      "yellow",
      "left"
    ],
    "dynamic": false,
    "orientation": "vertical",
    "point": [
      21.83563,
      748.2428,
      5.411907
    ],
    "value": 0,
    "country": "US",
    "z_offset": 0,
    "height": 0,
    "width": 0,
    "type_def": "morai",
    "ref_crosswalk_id": "",
    "heading": 269.98965739
  },
  {
    "idx": "Traffic_Light (55)",
    "link_id_list": [
      "LN000025",
      "244"
    ],
    "road_id": "",
    "type": "car",
    "sub_type": [
      "red",
      "yellow",
      "straight"
    ],
    "dynamic": false,
    "orientation": "vertical",
    "point": [
      28.45563,
      748.2727,
      5.409904
    ],
    "value": 0,
    "country": "US",
    "z_offset": 0,
    "height": 0,
    "width": 0,
    "type_def": "morai",
    "ref_crosswalk_id": "",
    "heading": 268.140018
  },
  {
    "idx": "Traffic_Light (57)",
    "link_id_list": [
      "250",
      "245"
    ],
    "road_id": "",
    "type": "car",
    "sub_type": [
      "red",
      "yellow",
      "straight"
    ],
    "dynamic": false,
    "orientation": "vertical",
    "point": [
      33.71167,
      721.0527,
      5.403904
    ],
    "value": 0,
    "country": "US",
    "z_offset": 0,
    "height": 0,
    "width": 0,
    "type_def": "morai",
    "ref_crosswalk_id": "",
    "heading": 178.14019000000002
  },
  {
    "idx": "Traffic_Light (58)",
    "link_id_list": [
      "250",
      "245"
    ],
    "road_id": "",
    "type": "car",
    "sub_type": [
      "red",
      "yellow",
      "straight"
    ],
    "dynamic": false,
    "orientation": "vertical",
    "point": [
      33.75964,
      724.4427,
      5.407906
    ],
    "value": 0,
    "country": "US",
    "z_offset": 0,
    "height": 0,
    "width": 0,
    "type_def": "morai",
    "ref_crosswalk_id": "",
    "heading": 178.13494
  },
  {
    "idx": "Traffic_Light (59)",
    "link_id_list": [
      "252",
      "LN000046",
      "243"
    ],
    "road_id": "",
    "type": "car",
    "sub_type": [
      "red",
      "yellow",
      "straight"
    ],
    "dynamic": false,
    "orientation": "vertical",
    "point": [
      2.261658,
      732.0627,
      5.410904
    ],
    "value": 0,
    "country": "US",
    "z_offset": 0,
    "height": 0,
    "width": 0,
    "type_def": "morai",
    "ref_crosswalk_id": "",
    "heading": 2.272699999999986
  },
  {
    "idx": "Traffic_Light (46)",
    "link_id_list": [
      "164",
      "153",
      "165"
    ],
    "road_id": "",
    "type": "car",
    "sub_type": [
      "red",
      "yellow",
      "straight"
    ],
    "dynamic": false,
    "orientation": "vertical",
    "point": [
      549.4756,
      -461.4432,
      5.410904
    ],
    "value": 0,
    "country": "US",
    "z_offset": 0,
    "height": 0,
    "width": 0,
    "type_def": "morai",
    "ref_crosswalk_id": "",
    "heading": 88.1404
  },
  {
    "idx": "Traffic_Light_Arrow (23)",
    "link_id_list": [
      "158"
    ],
    "road_id": "",
    "type": "car",
    "sub_type": [
      "red",
      "yellow",
      "left"
    ],
    "dynamic": false,
    "orientation": "vertical",
    "point": [
      537.3846,
      -439.6273,
      5.412907
    ],
    "value": 0,
    "country": "US",
    "z_offset": 0,
    "height": 0,
    "width": 0,
    "type_def": "morai",
    "ref_crosswalk_id": "",
    "heading": 4.2368999999999915
  },
  {
    "idx": "Traffic_Light_Arrow (24)",
    "link_id_list": [
      "159"
    ],
    "road_id": "",
    "type": "car",
    "sub_type": [
      "red",
      "yellow",
      "left"
    ],
    "dynamic": false,
    "orientation": "vertical",
    "point": [
      552.8756,
      -461.4633,
      5.415905
    ],
    "value": 0,
    "country": "US",
    "z_offset": 0,
    "height": 0,
    "width": 0,
    "type_def": "morai",
    "ref_crosswalk_id": "",
    "heading": 89.99000000000001
  },
  {
    "idx": "Traffic_Light_Arrow (25)",
    "link_id_list": [
      "154"
    ],
    "road_id": "",
    "type": "car",
    "sub_type": [
      "red",
      "yellow",
      "left"
    ],
    "dynamic": false,
    "orientation": "vertical",
    "point": [
      571.4536,
      -435.2473,
      5.394905
    ],
    "value": 0,
    "country": "US",
    "z_offset": 0,
    "height": 0,
    "width": 0,
    "type_def": "morai",
    "ref_crosswalk_id": "",
    "heading": 182.37799
  },
  {
    "idx": "Traffic_Light (51)",
    "link_id_list": [
      "166",
      "167",
      "151"
    ],
    "road_id": "",
    "type": "car",
    "sub_type": [
      "red",
      "yellow",
      "straight"
    ],
    "dynamic": false,
    "orientation": "vertical",
    "point": [
      559.6156,
      -411.3562,
      5.410904
    ],
    "value": 0,
    "country": "US",
    "z_offset": 0,
    "height": 0,
    "width": 0,
    "type_def": "morai",
    "ref_crosswalk_id": "",
    "heading": 266.582529
  },
  {
    "idx": "Traffic_Light_Arrow (26)",
    "link_id_list": [
      "160"
    ],
    "road_id": "",
    "type": "car",
    "sub_type": [
      "red",
      "yellow",
      "left"
    ],
    "dynamic": false,
    "orientation": "vertical",
    "point": [
      555.0156,
      -411.3232,
      5.409904
    ],
    "value": 0,
    "country": "US",
    "z_offset": 0,
    "height": 0,
    "width": 0,
    "type_def": "morai",
    "ref_crosswalk_id": "",
    "heading": 268.438858
  },
  {
    "idx": "Traffic_Light (56)",
    "link_id_list": [
      "166",
      "167",
      "151"
    ],
    "road_id": "",
    "type": "car",
    "sub_type": [
      "red",
      "yellow",
      "straight"
    ],
    "dynamic": false,
    "orientation": "vertical",
    "point": [
      562.2556,
      -411.3903,
      5.412907
    ],
    "value": 0,
    "country": "US",
    "z_offset": 0,
    "height": 0,
    "width": 0,
    "type_def": "morai",
    "ref_crosswalk_id": "",
    "heading": 266.58922
  },
  {
    "idx": "Traffic_Light (60)",
    "link_id_list": [
      "156",
      "155",
      "157",
      "152"
    ],
    "road_id": "",
    "type": "car",
    "sub_type": [
      "red",
      "yellow",
      "straight"
    ],
    "dynamic": false,
    "orientation": "vertical",
    "point": [
      572.1256,
      -443.6772,
      5.403904
    ],
    "value": 0,
    "country": "US",
    "z_offset": 0,
    "height": 0,
    "width": 0,
    "type_def": "morai",
    "ref_crosswalk_id": "",
    "heading": 183.55686
  },
  {
    "idx": "Traffic_Light (61)",
    "link_id_list": [
      "156",
      "155",
      "157",
      "152"
    ],
    "road_id": "",
    "type": "car",
    "sub_type": [
      "red",
      "yellow",
      "straight"
    ],
    "dynamic": false,
    "orientation": "vertical",
    "point": [
      571.8217,
      -439.9072,
      5.400906
    ],
    "value": 0,
    "country": "US",
    "z_offset": 0,
    "height": 0,
    "width": 0,
    "type_def": "morai",
    "ref_crosswalk_id": "",
    "heading": 183.55160999999998
  },
  {
    "idx": "Traffic_Light (62)",
    "link_id_list": [
      "150",
      "161",
      "162",
      "163"
    ],
    "road_id": "",
    "type": "car",
    "sub_type": [
      "red",
      "yellow",
      "straight"
    ],
    "dynamic": false,
    "orientation": "vertical",
    "point": [
      537.0656,
      -435.8372,
      5.407906
    ],
    "value": 0,
    "country": "US",
    "z_offset": 0,
    "height": 0,
    "width": 0,
    "type_def": "morai",
    "ref_crosswalk_id": "",
    "heading": 7.524999999999977
  },
  {
    "idx": "Traffic_Light (48)",
    "link_id_list": [
      "164",
      "153",
      "165"
    ],
    "road_id": "",
    "type": "car",
    "sub_type": [
      "red",
      "yellow",
      "straight"
    ],
    "dynamic": false,
    "orientation": "vertical",
    "point": [
      545.6057,
      -461.4312,
      5.411907
    ],
    "value": 0,
    "country": "US",
    "z_offset": 0,
    "height": 0,
    "width": 0,
    "type_def": "morai",
    "ref_crosswalk_id": "",
    "heading": 88.1404
  },
  {
    "idx": "Traffic_Light (63)",
    "link_id_list": [
      "150",
      "161",
      "162",
      "163"
    ],
    "road_id": "",
    "type": "car",
    "sub_type": [
      "red",
      "yellow",
      "straight"
    ],
    "dynamic": false,
    "orientation": "vertical",
    "point": [
      536.7766,
      -432.2572,
      5.411907
    ],
    "value": 0,
    "country": "US",
    "z_offset": 0,
    "height": 0,
    "width": 0,
    "type_def": "morai",
    "ref_crosswalk_id": "",
    "heading": 7.524999999999977
  },
  {
    "idx": "Traffic_Light (64)",
    "link_id_list": [
      "150",
      "161",
      "162",
      "163"
    ],
    "road_id": "",
    "type": "car",
    "sub_type": [
      "red",
      "yellow",
      "straight"
    ],
    "dynamic": false,
    "orientation": "vertical",
    "point": [
      572.2216,
      -436.0172,
      5.432907
    ],
    "value": 0,
    "country": "US",
    "z_offset": 0,
    "height": 0,
    "width": 0,
    "type_def": "morai",
    "ref_crosswalk_id": "",
    "heading": 3.551899999999989
  },
  {
    "idx": "Traffic_Light (65)",
    "link_id_list": [
      "156",
      "155",
      "157",
      "152"
    ],
    "road_id": "",
    "type": "car",
    "sub_type": [
      "red",
      "yellow",
      "straight"
    ],
    "dynamic": false,
    "orientation": "vertical",
    "point": [
      572.4016,
      -447.0273,
      5.403904
    ],
    "value": 0,
    "country": "US",
    "z_offset": 0,
    "height": 0,
    "width": 0,
    "type_def": "morai",
    "ref_crosswalk_id": "",
    "heading": 183.55686
  },
  {
    "idx": "Traffic_Light (66)",
    "link_id_list": [
      "156",
      "155",
      "157",
      "152"
    ],
    "road_id": "",
    "type": "car",
    "sub_type": [
      "red",
      "yellow",
      "straight"
    ],
    "dynamic": false,
    "orientation": "vertical",
    "point": [
      536.5966,
      -438.8073,
      5.416904
    ],
    "value": 0,
    "country": "US",
    "z_offset": 0,
    "height": 0,
    "width": 0,
    "type_def": "morai",
    "ref_crosswalk_id": "",
    "heading": 187.52534
  },
  {
    "idx": "Traffic_Light (67)",
    "link_id_list": [
      "150",
      "161",
      "162",
      "163"
    ],
    "road_id": "",
    "type": "car",
    "sub_type": [
      "red",
      "yellow",
      "straight"
    ],
    "dynamic": false,
    "orientation": "vertical",
    "point": [
      536.4746,
      -428.7072,
      5.414906
    ],
    "value": 0,
    "country": "US",
    "z_offset": 0,
    "height": 0,
    "width": 0,
    "type_def": "morai",
    "ref_crosswalk_id": "",
    "heading": 7.524999999999977
  },
  {
    "idx": "Traffic_Light (53)",
    "link_id_list": [
      "166",
      "167",
      "151"
    ],
    "road_id": "",
    "type": "car",
    "sub_type": [
      "red",
      "yellow",
      "straight"
    ],
    "dynamic": false,
    "orientation": "vertical",
    "point": [
      556.5056,
      -411.3342,
      5.410904
    ],
    "value": 0,
    "country": "US",
    "z_offset": 0,
    "height": 0,
    "width": 0,
    "type_def": "morai",
    "ref_crosswalk_id": "",
    "heading": 266.582529
  }
]