[
  {
    "idx": "IntTL1",
    "TL": [
      [
        "C119AS318297",
        "C119AS318298"
      ],
      [
        "C119AS318391",
        "C119AS318392",
        "C119AS318300"
      ],
      [
        "C119AS318384",
        "C119AS318394",
        "C119AS318395",
        "C119AS318384",
        "C119AS318394",
        "C119AS318395",
        "C119AS318393",
        "C119AS318299"
      ]
    ]
  },
  {
    "idx": "IntTL2",
    "TL": [
      [
        "C119AS318063",
        "C119AS318065",
        "C119AS318361",
        "C119AS318362"
      ],
      [
        "C119AS318367",
        "C119AS318368",
        "C119AS318383",
        "C119AS318396"
      ],
      [
        "C119AS318067",
        "C119AS318069",
        "C119AS318363",
        "C119AS318364"
      ],
      [
        "C119AS318365",
        "C119AS318366",
        "C119AS318369",
        "C119AS318370"
      ]
    ]
  },
  {
    "idx": "IntTL3",
    "TL": [
      [
        "C119AS318071",
        "C119AS318073"
      ],
      [
        "C119AS318075",
        "C119AS318077",
        "C119AS318079",
        "C119AS318081"
      ]
    ]
  },
  {
    "idx": "IntTL5",
    "TL": [
      [
        "C119AS318105",
        "C119AS318107"
      ],
      [
        "C119AS318103",
        "C119AS318125",
        "C119AS318127",
        "C119AS318129"
      ],
      [
        "C119AS318109",
        "C119AS318123",
        "C119AS318131",
        "C119AS318133"
      ]
    ]
  },
  {
    "idx": "IntTL6",
    "TL": [
      [
        "C119AS318289",
        "C119AS318290",
        "C119AS318398",
        "C119AS318399"
      ],
      [
        "C119AS318111",
        "C119AS318117",
        "C119AS318119",
        "C119AS318121"
      ],
      [
        "C119AS318405",
        "C119AS318406",
        "C119AS318115",
        "C119AS318407"
      ]
    ]
  },
  {
    "idx": "IntTL7",
    "TL": [
      [
        "C119AS318429",
        "C119AS318430"
      ],
      [
        "C119AS318400",
        "C119AS318408",
        "C119AS318427",
        "C119AS318428"
      ]
    ]
  },
  {
    "idx": "IntTL10",
    "TL": [
      [
        "C119AS318436",
        "C119AS318437"
      ],
      [
        "C119AS318438",
        "C119AS318439"
      ],
      [
        "C119AS318442",
        "C119AS318443"
      ]
    ]
  },
  {
    "idx": "IntTL11",
    "TL": [
      [
        "C119AS318027",
        "C119AS318028",
        "C119AS318029"
      ],
      [
        "C119AS318021",
        "C119AS318024",
        "C119AS318025",
        "C119AS318032"
      ],
      [
        "C119AS318030",
        "C119AS318031",
        "C119AS318026",
        "C119AS318033"
      ],
      [
        "C119AS318022",
        "C119AS318023",
        "C119AS318440",
        "C119AS318441"
      ]
    ]
  },
  {
    "idx": "IntTL12",
    "TL": [
      [
        "C119AS318019",
        "C119AS318020"
      ],
      [
        "C119AS318016",
        "C119AS318034",
        "C119AS318036",
        "C119AS318037"
      ],
      [
        "C119AS318018",
        "C119AS318035",
        "C119AS318017",
        "C119AS318072",
        "C119AS318074"
      ]
    ]
  },
  {
    "idx": "IntTL13",
    "TL": [
      [
        "C119AS318014",
        "C119AS318007",
        "C119AS318004",
        "C119AS318005"
      ],
      [
        "C119AS318012",
        "C119AS318013",
        "C119AS318002",
        "C119AS318015"
      ],
      [
        "C119AS318003",
        "C119AS318006",
        "C119AS318076",
        "C119AS318078"
      ]
    ]
  },
  {
    "idx": "IntTL14",
    "TL": [
      [
        "C119AS318010",
        "C119AS318011",
        "C119AS318202",
        "C119AS318204"
      ],
      [
        "C119AS318008",
        "C119AS318009",
        "C119AS318196",
        "C119AS318272"
      ],
      [
        "C119AS318198",
        "C119AS318200",
        "C119AS318206",
        "C119AS318273"
      ]
    ]
  },
  {
    "idx": "IntTL15",
    "TL": [
      [
        "C119AS318208",
        "C119AS318210"
      ],
      [
        "C119AS318212",
        "C119AS318214",
        "C119AS318215",
        "C119AS318216"
      ]
    ]
  },
  {
    "idx": "IntTL16",
    "TL": [
      [
        "C119AS318220",
        "C119AS318221",
        "C119AS318219"
      ],
      [
        "C119AS318218",
        "C119AS318225",
        "C119AS318217"
      ],
      [
        "C119AS318222",
        "C119AS318223",
        "C119AS318224",
        "C119AS318296"
      ]
    ]
  },
  {
    "idx": "IntTL17",
    "TL": [
      [
        "C119AS318294",
        "C119AS318295",
        "C119AS318325",
        "C119AS318326"
      ],
      [
        "C119AS318321",
        "C119AS318324",
        "C119AS318327",
        "C119AS318328"
      ],
      [
        "C119AS318322",
        "C119AS318323"
      ]
    ]
  },
  {
    "idx": "IntTL18",
    "TL": [
      [
        "C119AS318315",
        "C119AS318316",
        "C119AS318317",
        "C119AS318318"
      ],
      [
        "C119AS318319",
        "C119AS318320"
      ]
    ]
  },
  {
    "idx": "IntTL19",
    "TL": [
      [
        "C119AS318311",
        "C119AS318312"
      ],
      [
        "C119AS318313",
        "C119AS318314",
        "C119AS318371",
        "C119AS318372"
      ],
      [
        "C119AS318373",
        "C119AS318374",
        "C119AS318379",
        "C119AS318380"
      ]
    ]
  },
  {
    "idx": "IntTL20",
    "TL": [
      [
        "C119AS318376",
        "C119AS318304",
        "C119AS318302",
        "C119AS318303"
      ],
      [
        "C119AS318305",
        "C119AS318306"
      ],
      [
        "C119AS318309",
        "C119AS318310",
        "C119AS318375"
      ],
      [
        "C119AS318385",
        "C119AS318386",
        "C119AS318307",
        "C119AS318308"
      ]
    ]
  },
  {
    "idx": "IntTL21",
    "TL": [
      [
        "C119AS318181",
        "C119AS318183",
        "C119AS318353",
        "C119AS318354"
      ],
      [
        "C119AS318355",
        "C119AS318356"
      ]
    ]
  },
  {
    "idx": "IntTL23",
    "TL": [
      [
        "C119AS318141",
        "C119AS318143",
        "C119AS318153",
        "C119AS318155"
      ],
      [
        "C119AS318137",
        "C119AS318139",
        "C119AS318161",
        "C119AS318163"
      ],
      [
        "C119AS318145",
        "C119AS318147",
        "C119AS318165",
        "C119AS318167"
      ],
      [
        "C119AS318149",
        "C119AS318151",
        "C119AS318185",
        "C119AS318213"
      ]
    ]
  },
  {
    "idx": "IntTL24",
    "TL": [
      [
        "C119AS318189",
        "C119AS318191",
        "C119AS318193",
        "C119AS318195"
      ],
      [
        "C119AS318187",
        "C119AS318197"
      ]
    ]
  },
  {
    "idx": "IntTL25",
    "TL": [
      [
        "C119AS318199",
        "C119AS318201",
        "C119AS318291",
        "C119AS318292",
        "C119AS318342"
      ],
      [
        "C119AS318293",
        "C119AS318340",
        "C119AS318341",
        "C119AS318390"
      ],
      [
        "C119AS318339",
        "C119AS318345",
        "C119AS318346",
        "C119AS318336"
      ],
      [
        "C119AS318337",
        "C119AS318338",
        "C119AS318343",
        "C119AS318344"
      ]
    ]
  },
  {
    "idx": "IntTL26",
    "TL": [
      [
        "C119AS318329",
        "C119AS318330"
      ],
      [
        "C119AS318377",
        "C119AS318454"
      ]
    ]
  },
  {
    "idx": "IntTL27",
    "TL": [
      [
        "C119AS318157",
        "C119AS318159",
        "C119AS318277",
        "C119AS318278"
      ],
      [
        "C119AS318281",
        "C119AS318282"
      ],
      [
        "C119AS318283",
        "C119AS318284",
        "C119AS318285",
        "C119AS318286"
      ],
      [
        "C119AS318279",
        "C119AS318280",
        "C119AS318287",
        "C119AS318288"
      ]
    ]
  },
  {
    "idx": "IntTL28",
    "TL": [
      [
        "C119AS318226",
        "C119AS318227"
      ],
      [
        "C119AS318228",
        "C119AS318229"
      ]
    ]
  },
  {
    "idx": "IntTL29",
    "TL": [
      [
        "C119AS318230",
        "C119AS318231",
        "C119AS318238",
        "C119AS318241"
      ],
      [
        "C119AS318239",
        "C119AS318240",
        "C119AS318247",
        "C119AS318275"
      ],
      [
        "C119AS318242",
        "C119AS318243",
        "C119AS318276",
        "C119AS318388"
      ],
      [
        "C119AS318244",
        "C119AS318245",
        "C119AS318246",
        "C119AS318274"
      ]
    ]
  },
  {
    "idx": "IntTL30",
    "TL": [
      [
        "C119AS318232",
        "C119AS318233"
      ],
      [
        "C119AS318234",
        "C119AS318235",
        "C119AS318236",
        "C119AS318237"
      ]
    ]
  },
  {
    "idx": "IntTL31",
    "TL": [
      [
        "C119AS318045",
        "C119AS318258",
        "C119AS318259",
        "C119AS318387"
      ],
      [
        "C119AS318260",
        "C119AS318261",
        "C119AS318266",
        "C119AS318267"
      ],
      [
        "C119AS318256",
        "C119AS318257",
        "C119AS318264",
        "C119AS318269"
      ],
      [
        "C119AS318262",
        "C119AS318263",
        "C119AS318265",
        "C119AS318268"
      ]
    ]
  },
  {
    "idx": "IntTL32",
    "TL": [
      [
        "C119AS318170",
        "C119AS318172",
        "C119AS318248",
        "C119AS318249"
      ],
      [
        "C119AS318250",
        "C119AS318254",
        "C119AS318255",
        "C119AS318270"
      ],
      [
        "C119AS318251",
        "C119AS318252",
        "C119AS318253",
        "C119AS318271"
      ]
    ]
  },
  {
    "idx": "IntTL33",
    "TL": [
      [
        "C119AS318150",
        "C119AS318152",
        "C119AS318156",
        "C119AS318158"
      ],
      [
        "C119AS318154",
        "C119AS318162",
        "C119AS318164",
        "C119AS318166"
      ],
      [
        "C119AS318082",
        "C119AS318084",
        "C119AS318160",
        "C119AS318168"
      ],
      [
        "C119AS318086",
        "C119AS318146",
        "C119AS318148",
        "C119AS318174"
      ]
    ]
  },
  {
    "idx": "IntTL34",
    "TL": [
      [
        "C119AS318118",
        "C119AS318120",
        "C119AS318122",
        "C119AS318142"
      ],
      [
        "C119AS318124",
        "C119AS318126",
        "C119AS318132",
        "C119AS318144"
      ],
      [
        "C119AS318140",
        "C119AS318128",
        "C119AS318130",
        "C119AS318138"
      ],
      [
        "C119AS318116",
        "C119AS318114",
        "C119AS318134",
        "C119AS318136"
      ]
    ]
  },
  {
    "idx": "IntTL35",
    "TL": [
      [
        "C119AS318038",
        "C119AS318042",
        "C119AS318043",
        "C119AS318049"
      ],
      [
        "C119AS318039",
        "C119AS318040",
        "C119AS318044"
      ],
      [
        "C119AS318047",
        "C119AS318048",
        "C119AS318050",
        "C119AS318051"
      ],
      [
        "C119AS318041",
        "C119AS318112",
        "C119AS318113",
        "C119AS318046"
      ]
    ]
  },
  {
    "idx": "IntTL36",
    "TL": [
      [
        "C119AS318088",
        "C119AS318090",
        "C119AS318094",
        "C119AS318110"
      ],
      [
        "C119AS318064",
        "C119AS318066",
        "C119AS318102",
        "C119AS318104"
      ],
      [
        "C119AS318096",
        "C119AS318098",
        "C119AS318100",
        "C119AS318106"
      ],
      [
        "C119AS318068",
        "C119AS318070",
        "C119AS318092",
        "C119AS318108"
      ]
    ]
  },
  {
    "idx": "IntTL37",
    "TL": [
      [
        "C119AS318055",
        "C119AS318056",
        "C119AS318057",
        "C119AS318061"
      ],
      [
        "C119AS318053",
        "C119AS318054",
        "C119AS318060",
        "C119AS318062"
      ],
      [
        "C119AS318052",
        "C119AS318058",
        "C119AS318059",
        "C119AS318080"
      ]
    ]
  },
  {
    "idx": "IntTL38",
    "TL": [
      [
        "C119AS318176",
        "C119AS318178",
        "C119AS318180",
        "C119AS318182",
        "C119AS318188"
      ],
      [
        "C119AS318184",
        "C119AS318186",
        "C119AS318190",
        "C119AS318192",
        "C119AS318194"
      ]
    ]
  },
  {
    "idx": "IntTL39",
    "TL": [
      [
        "C119AS318448",
        "C119AS318449"
      ],
      [
        "C119AS318450",
        "C119AS318452",
        "C119AS318453"
      ]
    ]
  },
  {
    "idx": "IntTL40",
    "TL": [
      [
        "C119AS318169",
        "C119AS318171"
      ],
      [
        "C119AS318173",
        "C119AS318175"
      ]
    ]
  },
  {
    "idx": "IntTL41",
    "TL": [
      [
        "C119AS318347",
        "C119AS318348",
        "C119AS318349",
        "C119AS318350"
      ],
      [
        "C119AS318351",
        "C119AS318352"
      ]
    ]
  },
  {
    "idx": "IntTL42",
    "TL": [
      [
        "C119AS318331",
        "C119AS318332"
      ],
      [
        "C119AS318334",
        "C119AS318335",
        "C119AS318378",
        "C119AS318333"
      ]
    ]
  },
  {
    "idx": "IntTL43",
    "TL": [
      [
        "C119AS318357",
        "C119AS318358",
        "C119AS318359",
        "C119AS318360"
      ],
      [
        "C119AS318381",
        "C119AS318382"
      ]
    ]
  },
  {
    "idx": "IntTL9",
    "TL": [
      [
        "C119AS318425",
        "C119AS318444",
        "C119AS318445",
        "C119AS318421",
        "C119AS318424"
      ],
      [
        "C119AS318414",
        "C119AS318422",
        "C119AS318423",
        "C119AS318426"
      ],
      [
        "C119AS318416",
        "C119AS318417",
        "C119AS318418",
        "C119AS318420",
        "C119AS318446"
      ],
      [
        "C119AS318434",
        "C119AS318433"
      ],
      [
        "C119AS318434",
        "C119AS318433",
        "C119AS318435",
        "C119AS318419",
        "C119AS318415"
      ]
    ]
  },
  {
    "idx": "IntTL44",
    "TL": [
      [
        "C1218C100057",
        "C1218C100058"
      ],
      [
        "C1218C100059",
        "C1218C100056"
      ]
    ]
  },
  {
    "idx": "IntTL45",
    "TL": [
      [
        "C1218C100055",
        "C1218C100054"
      ],
      [
        "C1218C100049",
        "C1218C100050",
        "C1218C100048",
        "C1218C100051",
        "C1218C100052",
        "C1218C100053"
      ]
    ]
  },
  {
    "idx": "IntTL46",
    "TL": [
      [
        "C1218C100027",
        "C1218C100026"
      ],
      [
        "C1218C100021",
        "C1218C100020",
        "C1218C100023",
        "C1218C100022"
      ],
      [
        "C1218C100025",
        "C1218C100024"
      ]
    ]
  },
  {
    "idx": "IntTL47",
    "TL": [
      [
        "C1218C100064",
        "C1218C100065",
        "C1218C100037",
        "C1218C100033"
      ],
      [
        "C1218C100028",
        "C1218C100036",
        "C1218C100035"
      ],
      [
        "C1218C100066",
        "C1218C100067",
        "C1218C100029",
        "C1218C100030"
      ],
      [
        "C1218C100032",
        "C1218C100031",
        "C1218C100034"
      ]
    ]
  },
  {
    "idx": "IntTL48",
    "TL": [
      [
        "C1218C100062",
        "C1218C100063",
        "C1218C100061",
        "C1218C100038",
        "C1218C100041"
      ],
      [
        "C1218C100042",
        "C1218C100043"
      ],
      [
        "C1218C100039",
        "C1218C100040",
        "C1218C100060"
      ]
    ]
  },
  {
    "idx": "IntTL49",
    "TL": [
      [
        "C1218C100004",
        "C1218C100003"
      ],
      [
        "C1218C100006",
        "C1218C100005"
      ]
    ]
  },
  {
    "idx": "IntTL50",
    "TL": [
      [
        "C1218C100007",
        "C1218C100008"
      ],
      [
        "C1218C100009",
        "C1218C100010",
        "C1218C100014",
        "C1218C100013"
      ],
      [
        "C1218C100011",
        "C1218C100012"
      ]
    ]
  },
  {
    "idx": "IntTL8",
    "TL": [
      [
        "C119AS318413",
        "C119AS318404",
        "C119AS318409",
        "C119AS318412"
      ],
      [
        "C119AS318411",
        "C119AS318410",
        "C1218C100001",
        "C1218C100002"
      ],
      [
        "C119AS318451",
        "C119AS318401",
        "C119AS318402",
        "C119AS318403"
      ]
    ]
  },
  {
    "idx": "IntTL51",
    "TL": [
      [
        "C1218C100045",
        "C1218C100047",
        "C1218C100044"
      ],
      [
        "C1218C100046"
      ]
    ]
  },
  {
    "idx": "IntTL52",
    "TL": [
      [
        "C119AS318177",
        "C119AS318179"
      ],
      [
        "SN000515",
        "SN001549"
      ]
    ]
  },
  {
    "idx": "IntTL4",
    "TL": [
      [
        "C119AS318087",
        "C119AS318085",
        "SN001544",
        "SN002061",
        "C119AS318099",
        "C119AS318101"
      ],
      [
        "C119AS318089",
        "C119AS318091",
        "SN000513",
        "SN001028",
        "C119AS318207",
        "C119AS318211"
      ],
      [
        "SN004135",
        "SN003616",
        "C119AS318203",
        "C119AS318205",
        "C119AS318135",
        "C119AS318209",
        "SN006221"
      ],
      [
        "SN005698",
        "C119AS318095",
        "C119AS318097",
        "SN004655",
        "SN005176",
        "C119AS318093",
        "C119AS318083"
      ]
    ]
  }
]