{
  "saved_utc_time": "2021-11-02 08:09:07.725746",
  "mgeo_file_hash": "{'crosswalk_set.json': '4f53cda18c2baa0c0354bb5f9a3ecbe5ed12ab4d8e11ba873c2f11161202b945', 'intersection_controller_set.json': '4f53cda18c2baa0c0354bb5f9a3ecbe5ed12ab4d8e11ba873c2f11161202b945', 'lane_boundary_set.json': '4f53cda18c2baa0c0354bb5f9a3ecbe5ed12ab4d8e11ba873c2f11161202b945', 'lane_node_set.json': '4f53cda18c2baa0c0354bb5f9a3ecbe5ed12ab4d8e11ba873c2f11161202b945', 'link_set.json': 'e69d1d6502deccfe3485fb5a84e67b0b833c5425ec63dfe66d771f4a13ee95bf', 'node_set.json': '5b5f066c456ff3295b9eeb7f1d08df53e3b34298ca3c67ac5d3e35c935ab8cdb', 'singlecrosswalk_set.json': '4f53cda18c2baa0c0354bb5f9a3ecbe5ed12ab4d8e11ba873c2f11161202b945', 'surface_marking_set.json': '4f53cda18c2baa0c0354bb5f9a3ecbe5ed12ab4d8e11ba873c2f11161202b945', 'synced_traffic_light_set.json': '4f53cda18c2baa0c0354bb5f9a3ecbe5ed12ab4d8e11ba873c2f11161202b945', 'traffic_light_set.json': '6fa85da7ebcc82303a886b7060f71048ecd77e7f5e6e86705555298a54073790', 'traffic_sign_set.json': '4f53cda18c2baa0c0354bb5f9a3ecbe5ed12ab4d8e11ba873c2f11161202b945'}",
  "maj_ver": 2,
  "min_ver": 9,
  "global_coordinate_system": "+proj=utm +zone=52 +datum=WGS84 +units=m +no_defs",
  "local_origin_in_global": [
    334212.29,
    4143082.44,
    0.0
  ],
  "workspace_origin": [
    0,
    0,
    0
  ],
  "lane_change_link_included": true,
  "traffic_dir": "",
  "country": "",
  "road_type": "",
  "road_type_def": "",
  "license": "MORAI Inc."
}