[
  {
    "idx": "1",
    "link_id_list": [
      "1"
    ],
    "road_id": "",
    "type": "car",
    "sub_type": [
      "red",
      "yellow",
      "left",
      "straight"
    ],
    "dynamic": false,
    "orientation": "horizontal",
    "point": [
      -65.9528287568246,
      -84.55663988366723,
      3.0
    ],
    "country": "KR",
    "z_offset": 0,
    "height": 0,
    "width": 0,
    "type_def": "mgeo",
    "ref_crosswalk_id": "",
    "heading": 0
  },
  {
    "idx": "2",
    "link_id_list": [
      "2",
      "5",
      "11",
      "12",
      "6"
    ],
    "road_id": "",
    "type": "car",
    "sub_type": [
      "red",
      "yellow",
      "left",
      "straight"
    ],
    "dynamic": false,
    "orientation": "horizontal",
    "point": [
      -42.748102550162,
      -96.23404287360609,
      3.0
    ],
    "country": "KR",
    "z_offset": 0,
    "height": 0,
    "width": 0,
    "type_def": "mgeo",
    "ref_crosswalk_id": "",
    "heading": 0
  },
  {
    "idx": "3",
    "link_id_list": [
      "2",
      "5",
      "11",
      "12",
      "6"
    ],
    "road_id": "",
    "type": "car",
    "sub_type": [
      "red",
      "yellow",
      "left",
      "straight"
    ],
    "dynamic": false,
    "orientation": "horizontal",
    "point": [
      -42.724898493033834,
      -99.3916024430655,
      3.0
    ],
    "country": "KR",
    "z_offset": 0,
    "height": 0,
    "width": 0,
    "type_def": "mgeo",
    "ref_crosswalk_id": "",
    "heading": 0
  },
  {
    "idx": "4",
    "link_id_list": [
      "2",
      "5",
      "11",
      "12",
      "6"
    ],
    "road_id": "",
    "type": "car",
    "sub_type": [
      "red",
      "yellow",
      "left",
      "straight"
    ],
    "dynamic": false,
    "orientation": "horizontal",
    "point": [
      -90.31286740815267,
      -97.57005213946104,
      3.0
    ],
    "country": "KR",
    "z_offset": 0,
    "height": 0,
    "width": 0,
    "type_def": "mgeo",
    "ref_crosswalk_id": "",
    "heading": 0
  },
  {
    "idx": "5",
    "link_id_list": [
      "3",
      "4",
      "7",
      "9"
    ],
    "road_id": "",
    "type": "car",
    "sub_type": [
      "red",
      "yellow",
      "left",
      "straight"
    ],
    "dynamic": false,
    "orientation": "horizontal",
    "point": [
      -92.43989687040448,
      -104.29006581893191,
      3.0
    ],
    "country": "KR",
    "z_offset": 0,
    "height": 0,
    "width": 0,
    "type_def": "mgeo",
    "ref_crosswalk_id": "",
    "heading": 0
  },
  {
    "idx": "6",
    "link_id_list": [
      "3",
      "4",
      "7",
      "9"
    ],
    "road_id": "",
    "type": "car",
    "sub_type": [
      "red",
      "yellow",
      "left",
      "straight"
    ],
    "dynamic": false,
    "orientation": "horizontal",
    "point": [
      -92.59510233270703,
      -107.35363859776407,
      3.0
    ],
    "country": "KR",
    "z_offset": 0,
    "height": 0,
    "width": 0,
    "type_def": "mgeo",
    "ref_crosswalk_id": "",
    "heading": 0
  },
  {
    "idx": "7",
    "link_id_list": [
      "3",
      "4",
      "7",
      "9"
    ],
    "road_id": "",
    "type": "car",
    "sub_type": [
      "red",
      "yellow",
      "left",
      "straight"
    ],
    "dynamic": false,
    "orientation": "horizontal",
    "point": [
      -49.36764623498311,
      -106.37660697987303,
      3.0
    ],
    "country": "KR",
    "z_offset": 0,
    "height": 0,
    "width": 0,
    "type_def": "mgeo",
    "ref_crosswalk_id": "",
    "heading": 0
  },
  {
    "idx": "8",
    "link_id_list": [
      "10",
      "8"
    ],
    "road_id": "",
    "type": "car",
    "sub_type": [
      "red",
      "yellow",
      "left",
      "straight"
    ],
    "dynamic": false,
    "orientation": "horizontal",
    "point": [
      -70.02390988747356,
      -110.62881854223087,
      3.0
    ],
    "country": "KR",
    "z_offset": 0,
    "height": 0,
    "width": 0,
    "type_def": "mgeo",
    "ref_crosswalk_id": "",
    "heading": 0
  },
  {
    "idx": "21",
    "link_id_list": [
      "118",
      "110"
    ],
    "road_id": "",
    "type": "car",
    "sub_type": [
      "red",
      "yellow",
      "left",
      "straight"
    ],
    "dynamic": false,
    "orientation": "horizontal",
    "point": [
      59.94920674263267,
      -93.9932074365206,
      3.0
    ],
    "country": "KR",
    "z_offset": 0,
    "height": 0,
    "width": 0,
    "type_def": "mgeo",
    "ref_crosswalk_id": "",
    "heading": 0
  },
  {
    "idx": "22",
    "link_id_list": [
      "113",
      "116",
      "117",
      "114"
    ],
    "road_id": "",
    "type": "car",
    "sub_type": [
      "red",
      "yellow",
      "left",
      "straight"
    ],
    "dynamic": false,
    "orientation": "horizontal",
    "point": [
      80.44966778211528,
      -97.20889075519517,
      3.0
    ],
    "country": "KR",
    "z_offset": 0,
    "height": 0,
    "width": 0,
    "type_def": "mgeo",
    "ref_crosswalk_id": "",
    "heading": 0
  },
  {
    "idx": "23",
    "link_id_list": [
      "113",
      "116",
      "117",
      "114"
    ],
    "road_id": "",
    "type": "car",
    "sub_type": [
      "red",
      "yellow",
      "left",
      "straight"
    ],
    "dynamic": false,
    "orientation": "horizontal",
    "point": [
      80.46713267773157,
      -99.63693247083575,
      3.0
    ],
    "country": "KR",
    "z_offset": 0,
    "height": 0,
    "width": 0,
    "type_def": "mgeo",
    "ref_crosswalk_id": "",
    "heading": 0
  },
  {
    "idx": "25",
    "link_id_list": [
      "111",
      "112",
      "115"
    ],
    "road_id": "",
    "type": "car",
    "sub_type": [
      "red",
      "yellow",
      "left",
      "straight"
    ],
    "dynamic": false,
    "orientation": "horizontal",
    "point": [
      73.56155698915245,
      -105.25554903456941,
      3.0
    ],
    "country": "KR",
    "z_offset": 0,
    "height": 0,
    "width": 0,
    "type_def": "mgeo",
    "ref_crosswalk_id": "",
    "heading": 0
  },
  {
    "idx": "27",
    "link_id_list": [
      "111",
      "112",
      "115"
    ],
    "road_id": "",
    "type": "car",
    "sub_type": [
      "red",
      "yellow",
      "left",
      "straight"
    ],
    "dynamic": false,
    "orientation": "horizontal",
    "point": [
      49.14123939460842,
      -103.10598079301417,
      3.0
    ],
    "country": "KR",
    "z_offset": 0,
    "height": 0,
    "width": 0,
    "type_def": "mgeo",
    "ref_crosswalk_id": "",
    "heading": 0
  },
  {
    "idx": "28",
    "link_id_list": [
      "111",
      "112",
      "115"
    ],
    "road_id": "",
    "type": "car",
    "sub_type": [
      "red",
      "yellow",
      "left",
      "straight"
    ],
    "dynamic": false,
    "orientation": "horizontal",
    "point": [
      49.07045619265409,
      -106.44194862386212,
      3.0
    ],
    "country": "KR",
    "z_offset": 0,
    "height": 0,
    "width": 0,
    "type_def": "mgeo",
    "ref_crosswalk_id": "",
    "heading": 0
  },
  {
    "idx": "29",
    "link_id_list": [
      "113",
      "116",
      "117",
      "114"
    ],
    "road_id": "",
    "type": "car",
    "sub_type": [
      "red",
      "yellow",
      "left",
      "straight"
    ],
    "dynamic": false,
    "orientation": "horizontal",
    "point": [
      46.499284237099346,
      -98.8337724278681,
      3.0
    ],
    "country": "KR",
    "z_offset": 0,
    "height": 0,
    "width": 0,
    "type_def": "mgeo",
    "ref_crosswalk_id": "",
    "heading": 0
  }
]