[
  {
    "idx": "CW000000",
    "single_crosswalk_list": [
      "B319AR140009",
      "B319AR140010"
    ],
    "ref_traffic_light_list": []
  },
  {
    "idx": "CW000001",
    "single_crosswalk_list": [
      "B319AR140007",
      "B319AR140008"
    ],
    "ref_traffic_light_list": [
      "C119AR140021",
      "C119AR140020"
    ]
  },
  {
    "idx": "CW000002",
    "single_crosswalk_list": [
      "B319AR140003",
      "B319AR140004"
    ],
    "ref_traffic_light_list": []
  },
  {
    "idx": "CW000003",
    "single_crosswalk_list": [
      "B319AR140005",
      "B319AR140006"
    ],
    "ref_traffic_light_list": [
      "C119AR140028",
      "C119AR140013"
    ]
  },
  {
    "idx": "CW000004",
    "single_crosswalk_list": [
      "B319AR140014",
      "B319AR140013"
    ],
    "ref_traffic_light_list": [
      "C119AR140009",
      "C119AR140010"
    ]
  },
  {
    "idx": "CW000005",
    "single_crosswalk_list": [
      "B319AR140011",
      "B319AR140012"
    ],
    "ref_traffic_light_list": [
      "C119AR140014",
      "C119AR140011"
    ]
  },
  {
    "idx": "CW000006",
    "single_crosswalk_list": [
      "B319AR140001",
      "B319AR140002"
    ],
    "ref_traffic_light_list": [
      "C119AR140029",
      "C119AR140031"
    ]
  },
  {
    "idx": "CW000007",
    "single_crosswalk_list": [
      "B319AR140031",
      "B319AR140032"
    ],
    "ref_traffic_light_list": [
      "C119AR140012",
      "C119AR140006"
    ]
  },
  {
    "idx": "CW000008",
    "single_crosswalk_list": [
      "B319AR140029",
      "B319AR140030"
    ],
    "ref_traffic_light_list": [
      "C119AR140007",
      "C119AR140005"
    ]
  },
  {
    "idx": "CW000009",
    "single_crosswalk_list": [
      "B319AR140019",
      "B319AR140022"
    ],
    "ref_traffic_light_list": [
      "C119AR140002",
      "C119AR140003"
    ]
  },
  {
    "idx": "CW000010",
    "single_crosswalk_list": [
      "B319AR140021",
      "B319AR140020"
    ],
    "ref_traffic_light_list": [
      "C119AR140001",
      "C119AR140004"
    ]
  },
  {
    "idx": "CW000011",
    "single_crosswalk_list": [
      "B319AR140027",
      "B319AR140028"
    ],
    "ref_traffic_light_list": []
  },
  {
    "idx": "CW000012",
    "single_crosswalk_list": [
      "B319AR140024",
      "B319AR140025"
    ],
    "ref_traffic_light_list": []
  },
  {
    "idx": "CW000013",
    "single_crosswalk_list": [
      "B319AR140023",
      "B319AR140026"
    ],
    "ref_traffic_light_list": []
  },
  {
    "idx": "CW000014",
    "single_crosswalk_list": [
      "B319AR140036",
      "B319AR140037"
    ],
    "ref_traffic_light_list": []
  },
  {
    "idx": "CW000015",
    "single_crosswalk_list": [
      "B319AR140042",
      "B319AR140043"
    ],
    "ref_traffic_light_list": []
  },
  {
    "idx": "CW000016",
    "single_crosswalk_list": [
      "B319AR140015",
      "B319AR140016"
    ],
    "ref_traffic_light_list": []
  },
  {
    "idx": "CW000017",
    "single_crosswalk_list": [
      "B319AR140017",
      "B319AR140018"
    ],
    "ref_traffic_light_list": []
  },
  {
    "idx": "CW000018",
    "single_crosswalk_list": [
      "B319AR140038",
      "B319AR140039"
    ],
    "ref_traffic_light_list": []
  },
  {
    "idx": "CW000019",
    "single_crosswalk_list": [
      "B319AR140040",
      "B319AR140041"
    ],
    "ref_traffic_light_list": []
  },
  {
    "idx": "CW000020",
    "single_crosswalk_list": [
      "B319AR140034",
      "B319AR140035"
    ],
    "ref_traffic_light_list": []
  },
  {
    "idx": "CW000021",
    "single_crosswalk_list": [
      "B319AR140033"
    ],
    "ref_traffic_light_list": []
  }
]