[
  {
    "idx": "IntTL1",
    "TL": [
      [
        "C119AR140002",
        "C119AR140003",
        "C119AR140040",
        "C119AR140039"
      ],
      [
        "C119AR140004",
        "C119AR140001",
        "C119AR140036",
        "C119AR140035"
      ],
      [
        "C119AR140006",
        "C119AR140012",
        "C119AR140037",
        "C119AR140038"
      ],
      [
        "C119AR140005",
        "C119AR140007",
        "C119AR140018",
        "C119AR140019"
      ]
    ]
  },
  {
    "idx": "IntTL3",
    "TL": [
      [
        "C119AR140025",
        "C119AR140024"
      ],
      [
        "C119AR140022",
        "C119AR140023"
      ],
      [
        "C119AR140021",
        "C119AR140020",
        "C119AR140027",
        "C119AR140026"
      ]
    ]
  },
  {
    "idx": "IntTL2",
    "TL": [
      [
        "C119AR140010",
        "C119AR140009",
        "C119AR140015",
        "C119AR140016"
      ],
      [
        "C119AR140013",
        "C119AR140028",
        "C119AR140032",
        "C119AR140030"
      ],
      [
        "C119AR140029",
        "C119AR140031",
        "C119AR140008",
        "C119AR140017"
      ],
      [
        "C119AR140014",
        "C119AR140011",
        "C119AR140034",
        "C119AR140033"
      ]
    ]
  }
]