[
  {
    "idx": "A119AR140002",
    "node_type": "7",
    "junction": [],
    "point": [
      0.0,
      0.0,
      0.0
    ],
    "on_stop_line": false
  },
  {
    "idx": "A119AR140004",
    "node_type": "1",
    "junction": [],
    "point": [
      989.4340000000084,
      -1218.6779999998398,
      -0.23999999999999488
    ],
    "on_stop_line": true
  },
  {
    "idx": "A119AR140005",
    "node_type": "7",
    "junction": [],
    "point": [
      785.880999999994,
      -1091.444000000134,
      0.09500000000000597
    ],
    "on_stop_line": false
  },
  {
    "idx": "A119AR140006",
    "node_type": "1",
    "junction": [],
    "point": [
      994.9510000000009,
      -1205.3939999998547,
      -0.3649999999999949
    ],
    "on_stop_line": true
  },
  {
    "idx": "A119AR140007",
    "node_type": "1",
    "junction": [],
    "point": [
      1040.1529999999912,
      -1171.9629999999888,
      -0.384999999999998
    ],
    "on_stop_line": true
  },
  {
    "idx": "A119AR140008",
    "node_type": "1",
    "junction": [],
    "point": [
      1072.75,
      -1157.0139999999665,
      -0.5499999999999972
    ],
    "on_stop_line": true
  },
  {
    "idx": "A119AR140009",
    "node_type": "1",
    "junction": [],
    "point": [
      1049.0869999999995,
      -1164.3339999997988,
      -0.43199999999999505
    ],
    "on_stop_line": true
  },
  {
    "idx": "A119AR140010",
    "node_type": "10",
    "junction": [],
    "point": [
      909.2760000000126,
      -1058.432999999728,
      0.8300000000000054
    ],
    "on_stop_line": false
  },
  {
    "idx": "A119AR140011",
    "node_type": "1",
    "junction": [],
    "point": [
      750.7280000000028,
      -1136.4240000001155,
      -0.4239999999999995
    ],
    "on_stop_line": true
  },
  {
    "idx": "A119AR140012",
    "node_type": "10",
    "junction": [],
    "point": [
      387.0199999999604,
      -553.0200000000186,
      -0.09499999999999886
    ],
    "on_stop_line": true
  },
  {
    "idx": "A119AR140013",
    "node_type": "10",
    "junction": [],
    "point": [
      718.6879999999655,
      -981.1159999999218,
      -0.4469999999999956
    ],
    "on_stop_line": true
  },
  {
    "idx": "A119AR140015",
    "node_type": "1",
    "junction": [],
    "point": [
      435.59599999996135,
      -548.5559999998659,
      -0.14000000000000057
    ],
    "on_stop_line": true
  },
  {
    "idx": "A119AR140016",
    "node_type": "10",
    "junction": [],
    "point": [
      405.0370000000112,
      -536.62099999981,
      -0.12699999999999534
    ],
    "on_stop_line": true
  },
  {
    "idx": "A119AR140017",
    "node_type": "99",
    "junction": [],
    "point": [
      383.52899999998044,
      -767.2719999998808,
      -0.08299999999999841
    ],
    "on_stop_line": false
  },
  {
    "idx": "A119AR140019",
    "node_type": "1",
    "junction": [],
    "point": [
      403.98099999997066,
      -637.3429999998771,
      -0.357999999999997
    ],
    "on_stop_line": false
  },
  {
    "idx": "A119AR140020",
    "node_type": "1",
    "junction": [],
    "point": [
      396.79899999999907,
      -643.4939999999478,
      -0.3499999999999943
    ],
    "on_stop_line": false
  },
  {
    "idx": "A119AR140021",
    "node_type": "1",
    "junction": [],
    "point": [
      399.9990000000107,
      -640.6030000001192,
      -0.35899999999999466
    ],
    "on_stop_line": false
  },
  {
    "idx": "A119AR140022",
    "node_type": "1",
    "junction": [],
    "point": [
      456.01600000000326,
      -583.6540000000969,
      -0.21599999999999397
    ],
    "on_stop_line": false
  },
  {
    "idx": "A119AR140023",
    "node_type": "1",
    "junction": [],
    "point": [
      447.6359999999986,
      -591.2639999999665,
      -0.25199999999999534
    ],
    "on_stop_line": false
  },
  {
    "idx": "A119AR140024",
    "node_type": "1",
    "junction": [],
    "point": [
      453.2619999999879,
      -586.1630000001751,
      -0.1869999999999976
    ],
    "on_stop_line": false
  },
  {
    "idx": "A119AR140025",
    "node_type": "1",
    "junction": [],
    "point": [
      450.45000000001164,
      -588.7289999998175,
      -0.23699999999999477
    ],
    "on_stop_line": false
  },
  {
    "idx": "A119AR140026",
    "node_type": "1",
    "junction": [],
    "point": [
      556.7179999999935,
      -726.0159999998286,
      -0.40099999999999625
    ],
    "on_stop_line": false
  },
  {
    "idx": "A119AR140027",
    "node_type": "1",
    "junction": [],
    "point": [
      543.74099999998,
      -737.4470000001602,
      -0.4609999999999985
    ],
    "on_stop_line": false
  },
  {
    "idx": "A119AR140028",
    "node_type": "1",
    "junction": [],
    "point": [
      475.74400000000605,
      -825.7420000000857,
      -0.11499999999999488
    ],
    "on_stop_line": true
  },
  {
    "idx": "A119AR140029",
    "node_type": "1",
    "junction": [],
    "point": [
      420.52999999996973,
      -727.3259999998845,
      -0.1939999999999955
    ],
    "on_stop_line": true
  },
  {
    "idx": "A119AR140030",
    "node_type": "99",
    "junction": [],
    "point": [
      426.7839999999851,
      -726.1450000000186,
      -0.2079999999999984
    ],
    "on_stop_line": false
  },
  {
    "idx": "A119AR140031",
    "node_type": "1",
    "junction": [],
    "point": [
      410.8969999999972,
      -630.4939999999478,
      -0.36299999999999955
    ],
    "on_stop_line": false
  },
  {
    "idx": "A119AR140032",
    "node_type": "1",
    "junction": [],
    "point": [
      458.8379999999888,
      -581.0869999998249,
      -0.1869999999999976
    ],
    "on_stop_line": false
  },
  {
    "idx": "A119AR140033",
    "node_type": "1",
    "junction": [],
    "point": [
      464.41700000001583,
      -575.9989999998361,
      -0.0899999999999963
    ],
    "on_stop_line": false
  },
  {
    "idx": "A119AR140034",
    "node_type": "1",
    "junction": [],
    "point": [
      393.2039999999688,
      -646.75400000019,
      -0.384999999999998
    ],
    "on_stop_line": false
  },
  {
    "idx": "A119AR140035",
    "node_type": "1",
    "junction": [],
    "point": [
      421.5929999999935,
      -750.5559999998659,
      -0.16099999999999426
    ],
    "on_stop_line": true
  },
  {
    "idx": "A119AR140036",
    "node_type": "1",
    "junction": [],
    "point": [
      461.6919999999809,
      -578.4950000001118,
      -0.1699999999999946
    ],
    "on_stop_line": false
  },
  {
    "idx": "A119AR140037",
    "node_type": "1",
    "junction": [],
    "point": [
      701.780999999959,
      -1082.3149999999441,
      -0.4259999999999948
    ],
    "on_stop_line": true
  },
  {
    "idx": "A119AR140038",
    "node_type": "1",
    "junction": [],
    "point": [
      727.0519999999669,
      -1110.2569999997504,
      -0.4379999999999953
    ],
    "on_stop_line": true
  },
  {
    "idx": "A119AR140039",
    "node_type": "1",
    "junction": [],
    "point": [
      733.5189999999711,
      -1121.873999999836,
      -0.43199999999999505
    ],
    "on_stop_line": true
  },
  {
    "idx": "A119AR140040",
    "node_type": "1",
    "junction": [],
    "point": [
      752.4079999999958,
      -1033.5370000000112,
      -0.41099999999999426
    ],
    "on_stop_line": true
  },
  {
    "idx": "A119AR140041",
    "node_type": "1",
    "junction": [],
    "point": [
      749.5769999999902,
      -1113.3309999997728,
      -0.4239999999999995
    ],
    "on_stop_line": true
  },
  {
    "idx": "A119AR140042",
    "node_type": "1",
    "junction": [],
    "point": [
      718.195000000007,
      -1104.9300000001676,
      -0.4510000000000005
    ],
    "on_stop_line": true
  },
  {
    "idx": "A119AR140043",
    "node_type": "1",
    "junction": [],
    "point": [
      559.8420000000042,
      -918.683999999892,
      -0.11899999999999977
    ],
    "on_stop_line": true
  },
  {
    "idx": "A119AR140044",
    "node_type": "1",
    "junction": [],
    "point": [
      503.65200000000186,
      -820.6990000000224,
      -0.2560000000000002
    ],
    "on_stop_line": true
  },
  {
    "idx": "A119AR140045",
    "node_type": "1",
    "junction": [],
    "point": [
      510.71100000001024,
      -818.7369999997318,
      -0.3119999999999976
    ],
    "on_stop_line": false
  },
  {
    "idx": "A119AR140047",
    "node_type": "1",
    "junction": [],
    "point": [
      675.9679999999935,
      -1021.2519999998622,
      -0.2259999999999991
    ],
    "on_stop_line": true
  },
  {
    "idx": "A119AR140048",
    "node_type": "1",
    "junction": [],
    "point": [
      700.2390000000014,
      -975.2760000000708,
      -0.5389999999999944
    ],
    "on_stop_line": false
  },
  {
    "idx": "A119AR140049",
    "node_type": "1",
    "junction": [],
    "point": [
      730.7019999999902,
      -1036.867999999784,
      -0.4519999999999982
    ],
    "on_stop_line": true
  },
  {
    "idx": "A119AR140050",
    "node_type": "1",
    "junction": [],
    "point": [
      698.2110000000102,
      -1062.282000000123,
      -0.4239999999999995
    ],
    "on_stop_line": true
  },
  {
    "idx": "A119AR140051",
    "node_type": "10",
    "junction": [],
    "point": [
      724.2589999999618,
      -1002.0570000000298,
      -0.4379999999999953
    ],
    "on_stop_line": true
  },
  {
    "idx": "A119AR140052",
    "node_type": "10",
    "junction": [],
    "point": [
      702.5569999999716,
      -983.1790000000037,
      -0.4099999999999966
    ],
    "on_stop_line": true
  },
  {
    "idx": "A119AR140053",
    "node_type": "1",
    "junction": [],
    "point": [
      736.2469999999739,
      -1020.2390000000596,
      -0.3999999999999986
    ],
    "on_stop_line": true
  },
  {
    "idx": "A119AR140054",
    "node_type": "99",
    "junction": [],
    "point": [
      845.7770000000019,
      -960.094000000041,
      0.1739999999999995
    ],
    "on_stop_line": false
  },
  {
    "idx": "A119AR140055",
    "node_type": "10",
    "junction": [],
    "point": [
      918.4709999999614,
      -1053.378000000026,
      0.8109999999999999
    ],
    "on_stop_line": false
  },
  {
    "idx": "A119AR140056",
    "node_type": "1",
    "junction": [],
    "point": [
      762.6369999999879,
      -975.597000000067,
      -0.18199999999999505
    ],
    "on_stop_line": false
  },
  {
    "idx": "A119AR140057",
    "node_type": "1",
    "junction": [],
    "point": [
      765.7909999999683,
      -972.5600000000559,
      -0.10699999999999932
    ],
    "on_stop_line": false
  },
  {
    "idx": "A119AR140058",
    "node_type": "1",
    "junction": [],
    "point": [
      769.7099999999627,
      -968.7919999998994,
      -0.10099999999999909
    ],
    "on_stop_line": false
  },
  {
    "idx": "A119AR140059",
    "node_type": "1",
    "junction": [],
    "point": [
      776.5769999999902,
      -962.1850000000559,
      -0.0519999999999996
    ],
    "on_stop_line": false
  },
  {
    "idx": "A119AR140060",
    "node_type": "1",
    "junction": [],
    "point": [
      773.0999999999767,
      -965.5299999997951,
      -0.02999999999999403
    ],
    "on_stop_line": false
  },
  {
    "idx": "A119AR140061",
    "node_type": "1",
    "junction": [],
    "point": [
      589.0910000000149,
      -935.683999999892,
      -0.12099999999999511
    ],
    "on_stop_line": true
  },
  {
    "idx": "A119AR140062",
    "node_type": "1",
    "junction": [],
    "point": [
      561.475999999966,
      -941.1329999999143,
      -0.10899999999999466
    ],
    "on_stop_line": true
  },
  {
    "idx": "A119AR140063",
    "node_type": "1",
    "junction": [],
    "point": [
      587.4579999999842,
      -913.2280000001192,
      -0.3339999999999961
    ],
    "on_stop_line": true
  },
  {
    "idx": "A119AR140064",
    "node_type": "1",
    "junction": [],
    "point": [
      594.2889999999898,
      -911.4920000000857,
      -0.42199999999999704
    ],
    "on_stop_line": true
  },
  {
    "idx": "A119AR140065",
    "node_type": "1",
    "junction": [],
    "point": [
      407.6140000000014,
      -633.683999999892,
      -0.36199999999999477
    ],
    "on_stop_line": false
  },
  {
    "idx": "A119AR140066",
    "node_type": "1",
    "junction": [],
    "point": [
      551.9049999999697,
      -945.3590000001714,
      -0.16199999999999903
    ],
    "on_stop_line": true
  },
  {
    "idx": "A119AR140067",
    "node_type": "1",
    "junction": [],
    "point": [
      687.564000000013,
      -1068.3530000001192,
      -0.5169999999999959
    ],
    "on_stop_line": true
  },
  {
    "idx": "A119AR140068",
    "node_type": "1",
    "junction": [],
    "point": [
      10.051999999966938,
      -79.85499999998137,
      0.7450000000000045
    ],
    "on_stop_line": false
  },
  {
    "idx": "A119AR140070",
    "node_type": "1",
    "junction": [],
    "point": [
      415.7729999999865,
      -508.3070000000298,
      -0.03899999999999437
    ],
    "on_stop_line": true
  },
  {
    "idx": "A119AR140071",
    "node_type": "10",
    "junction": [],
    "point": [
      398.0,
      -520.1200000001118,
      -0.04299999999999926
    ],
    "on_stop_line": true
  },
  {
    "idx": "A119AR140072",
    "node_type": "1",
    "junction": [],
    "point": [
      393.1609999999637,
      -756.6129999998957,
      -0.07499999999999574
    ],
    "on_stop_line": true
  },
  {
    "idx": "A119AR140073",
    "node_type": "1",
    "junction": [],
    "point": [
      586.6169999999693,
      -937.9699999997392,
      -0.05999999999999517
    ],
    "on_stop_line": true
  },
  {
    "idx": "A119AR140074",
    "node_type": "1",
    "junction": [],
    "point": [
      464.52700000000186,
      -855.9139999998733,
      -0.117999999999995
    ],
    "on_stop_line": false
  },
  {
    "idx": "A119AR140075",
    "node_type": "1",
    "junction": [],
    "point": [
      477.62799999996787,
      -848.5120000001043,
      -0.12899999999999778
    ],
    "on_stop_line": true
  },
  {
    "idx": "A119AR140076",
    "node_type": "1",
    "junction": [],
    "point": [
      562.2189999999828,
      -916.5159999998286,
      -0.07399999999999807
    ],
    "on_stop_line": true
  },
  {
    "idx": "A119AR140077",
    "node_type": "1",
    "junction": [],
    "point": [
      503.0339999999851,
      -845.7000000001863,
      -0.06899999999999551
    ],
    "on_stop_line": true
  },
  {
    "idx": "A119AR140078",
    "node_type": "1",
    "junction": [],
    "point": [
      505.5019999999786,
      -843.438000000082,
      -0.1280000000000001
    ],
    "on_stop_line": true
  },
  {
    "idx": "A119AR140079",
    "node_type": "1",
    "junction": [],
    "point": [
      478.26600000000326,
      -823.5060000000522,
      -0.04899999999999949
    ],
    "on_stop_line": true
  },
  {
    "idx": "A119AR140080",
    "node_type": "1",
    "junction": [],
    "point": [
      419.02700000000186,
      -752.8670000000857,
      -0.10999999999999943
    ],
    "on_stop_line": true
  },
  {
    "idx": "A119AR140081",
    "node_type": "10",
    "junction": [],
    "point": [
      705.5979999999981,
      -1000.12099999981,
      -0.3859999999999957
    ],
    "on_stop_line": true
  },
  {
    "idx": "A119AR140082",
    "node_type": "1",
    "junction": [],
    "point": [
      647.1460000000079,
      -1029.8509999997914,
      -0.09999999999999432
    ],
    "on_stop_line": true
  },
  {
    "idx": "A119AR140083",
    "node_type": "1",
    "junction": [],
    "point": [
      647.0979999999981,
      -1016.433999999892,
      -0.16099999999999426
    ],
    "on_stop_line": true
  },
  {
    "idx": "A119AR140084",
    "node_type": "1",
    "junction": [],
    "point": [
      653.045999999973,
      -1016.6990000000224,
      -0.13299999999999557
    ],
    "on_stop_line": true
  },
  {
    "idx": "A119AR140093",
    "node_type": "7",
    "junction": [],
    "point": [
      -134.92700000002515,
      -128.08600000012666,
      -0.001999999999995339
    ],
    "on_stop_line": false
  },
  {
    "idx": "A119AR140095",
    "node_type": "7",
    "junction": [],
    "point": [
      -140.86100000003353,
      -138.49299999978393,
      0.9030000000000058
    ],
    "on_stop_line": false
  },
  {
    "idx": "A119AR140096",
    "node_type": "7",
    "junction": [],
    "point": [
      -139.8859999999986,
      -136.785000000149,
      0.35300000000000153
    ],
    "on_stop_line": false
  },
  {
    "idx": "A119AR140098",
    "node_type": "1",
    "junction": [],
    "point": [
      746.4589999999735,
      -1136.0520000001416,
      -0.4259999999999948
    ],
    "on_stop_line": false
  },
  {
    "idx": "A119AR140099",
    "node_type": "7",
    "junction": [],
    "point": [
      134.73099999997066,
      -152.9279999998398,
      0.054999999999999716
    ],
    "on_stop_line": false
  },
  {
    "idx": "A119AR140100",
    "node_type": "7",
    "junction": [],
    "point": [
      932.2079999999842,
      -1030.0540000000037,
      0.08400000000000318
    ],
    "on_stop_line": false
  },
  {
    "idx": "A119AR140101",
    "node_type": "1",
    "junction": [],
    "point": [
      1038.8829999999725,
      -1169.3100000000559,
      -0.32499999999999574
    ],
    "on_stop_line": false
  },
  {
    "idx": "A119AR140102",
    "node_type": "1",
    "junction": [],
    "point": [
      997.5480000000098,
      -1206.9569999999367,
      -0.3549999999999969
    ],
    "on_stop_line": false
  },
  {
    "idx": "A119AR140103",
    "node_type": "1",
    "junction": [],
    "point": [
      1050.4329999999609,
      -1167.25,
      -0.43499999999999517
    ],
    "on_stop_line": false
  },
  {
    "idx": "A119AR140104",
    "node_type": "1",
    "junction": [],
    "point": [
      1073.9709999999614,
      -1152.8289999999106,
      -0.5649999999999977
    ],
    "on_stop_line": false
  },
  {
    "idx": "A119AR140105",
    "node_type": "10",
    "junction": [],
    "point": [
      834.869000000006,
      -1082.8859999999404,
      0.8350000000000009
    ],
    "on_stop_line": false
  },
  {
    "idx": "A119AR140106",
    "node_type": "1",
    "junction": [],
    "point": [
      987.0409999999683,
      -1216.9040000000969,
      -0.20999999999999375
    ],
    "on_stop_line": false
  },
  {
    "idx": "A119AR140107",
    "node_type": "10",
    "junction": [],
    "point": [
      722.310999999987,
      -984.5789999999106,
      -0.42799999999999727
    ],
    "on_stop_line": false
  },
  {
    "idx": "A119AR140108",
    "node_type": "10",
    "junction": [],
    "point": [
      383.72200000000885,
      -552.4569999999367,
      -0.08299999999999841
    ],
    "on_stop_line": false
  },
  {
    "idx": "A119AR140109",
    "node_type": "99",
    "junction": [],
    "point": [
      146.4309999999823,
      -199.43000000016764,
      0.07700000000000529
    ],
    "on_stop_line": false
  },
  {
    "idx": "A119AR140110",
    "node_type": "7",
    "junction": [],
    "point": [
      605.8539999999921,
      -1008.8719999999739,
      -0.18199999999999505
    ],
    "on_stop_line": false
  },
  {
    "idx": "A119AR140111",
    "node_type": "10",
    "junction": [],
    "point": [
      404.945000000007,
      -540.2000000001863,
      -0.13100000000000023
    ],
    "on_stop_line": false
  },
  {
    "idx": "A119AR140112",
    "node_type": "1",
    "junction": [],
    "point": [
      437.6929999999702,
      -545.6710000000894,
      -0.1319999999999979
    ],
    "on_stop_line": false
  },
  {
    "idx": "A119AR140113",
    "node_type": "1",
    "junction": [],
    "point": [
      393.39299999998184,
      -752.0600000000559,
      -0.09199999999999875
    ],
    "on_stop_line": false
  },
  {
    "idx": "A119AR140115",
    "node_type": "1",
    "junction": [],
    "point": [
      684.5499999999884,
      -1002.2420000000857,
      -0.3929999999999936
    ],
    "on_stop_line": false
  },
  {
    "idx": "A119AR140116",
    "node_type": "1",
    "junction": [],
    "point": [
      672.5009999999893,
      -932.8969999998808,
      -0.5090000000000003
    ],
    "on_stop_line": false
  },
  {
    "idx": "A119AR140117",
    "node_type": "1",
    "junction": [],
    "point": [
      664.60699999996,
      -940.0260000000708,
      -0.5109999999999957
    ],
    "on_stop_line": false
  },
  {
    "idx": "A119AR140118",
    "node_type": "1",
    "junction": [],
    "point": [
      668.7949999999837,
      -936.557999999728,
      -0.5209999999999937
    ],
    "on_stop_line": false
  },
  {
    "idx": "A119AR140119",
    "node_type": "1",
    "junction": [],
    "point": [
      728.2629999999772,
      -884.4840000001714,
      -0.27299999999999613
    ],
    "on_stop_line": false
  },
  {
    "idx": "A119AR140120",
    "node_type": "1",
    "junction": [],
    "point": [
      720.1609999999637,
      -892.4429999999702,
      -0.28699999999999903
    ],
    "on_stop_line": false
  },
  {
    "idx": "A119AR140121",
    "node_type": "1",
    "junction": [],
    "point": [
      725.6039999999921,
      -887.1919999998063,
      -0.2979999999999947
    ],
    "on_stop_line": false
  },
  {
    "idx": "A119AR140122",
    "node_type": "1",
    "junction": [],
    "point": [
      722.9890000000014,
      -889.8410000000149,
      -0.31799999999999784
    ],
    "on_stop_line": false
  },
  {
    "idx": "A119AR140123",
    "node_type": "1",
    "junction": [],
    "point": [
      419.61800000001676,
      -575.561999999918,
      -0.38400000000000034
    ],
    "on_stop_line": false
  },
  {
    "idx": "A119AR140124",
    "node_type": "1",
    "junction": [],
    "point": [
      407.60599999997066,
      -585.7689999998547,
      -0.4749999999999943
    ],
    "on_stop_line": false
  },
  {
    "idx": "A119AR140125",
    "node_type": "1",
    "junction": [],
    "point": [
      411.9109999999637,
      -755.2549999998882,
      -0.1419999999999959
    ],
    "on_stop_line": false
  },
  {
    "idx": "A119AR140126",
    "node_type": "99",
    "junction": [],
    "point": [
      424.5800000000163,
      -723.7719999998808,
      -0.20699999999999363
    ],
    "on_stop_line": false
  },
  {
    "idx": "A119AR140127",
    "node_type": "1",
    "junction": [],
    "point": [
      420.2519999999786,
      -731.9440000001341,
      -0.17199999999999704
    ],
    "on_stop_line": false
  },
  {
    "idx": "A119AR140128",
    "node_type": "1",
    "junction": [],
    "point": [
      679.2359999999753,
      -927.0320000001229,
      -0.48099999999999454
    ],
    "on_stop_line": false
  },
  {
    "idx": "A119AR140129",
    "node_type": "1",
    "junction": [],
    "point": [
      731.3030000000144,
      -882.3149999999441,
      -0.2839999999999989
    ],
    "on_stop_line": false
  },
  {
    "idx": "A119AR140130",
    "node_type": "1",
    "junction": [],
    "point": [
      736.8030000000144,
      -877.1979999998584,
      -0.20599999999999596
    ],
    "on_stop_line": false
  },
  {
    "idx": "A119AR140131",
    "node_type": "1",
    "junction": [],
    "point": [
      661.3009999999776,
      -943.0979999997653,
      -0.5069999999999979
    ],
    "on_stop_line": false
  },
  {
    "idx": "A119AR140132",
    "node_type": "1",
    "junction": [],
    "point": [
      485.3539999999921,
      -821.0920000001788,
      -0.09899999999999665
    ],
    "on_stop_line": false
  },
  {
    "idx": "A119AR140133",
    "node_type": "1",
    "junction": [],
    "point": [
      734.2330000000075,
      -879.651999999769,
      -0.242999999999995
    ],
    "on_stop_line": false
  },
  {
    "idx": "A119AR140134",
    "node_type": "1",
    "junction": [],
    "point": [
      722.5179999999818,
      -1105.2480000001378,
      -0.46399999999999864
    ],
    "on_stop_line": false
  },
  {
    "idx": "A119AR140135",
    "node_type": "1",
    "junction": [],
    "point": [
      735.8279999999795,
      -1119.8270000000484,
      -0.5329999999999941
    ],
    "on_stop_line": false
  },
  {
    "idx": "A119AR140136",
    "node_type": "1",
    "junction": [],
    "point": [
      723.0129999999772,
      -1110.2560000000522,
      -0.43299999999999983
    ],
    "on_stop_line": false
  },
  {
    "idx": "A119AR140137",
    "node_type": "1",
    "junction": [],
    "point": [
      749.1199999999953,
      -1117.3909999998286,
      -0.41899999999999693
    ],
    "on_stop_line": false
  },
  {
    "idx": "A119AR140138",
    "node_type": "1",
    "junction": [],
    "point": [
      747.975999999966,
      -1033.026999999769,
      -0.3989999999999938
    ],
    "on_stop_line": false
  },
  {
    "idx": "A119AR140139",
    "node_type": "1",
    "junction": [],
    "point": [
      697.4219999999623,
      -1081.9830000000075,
      -0.43299999999999983
    ],
    "on_stop_line": false
  },
  {
    "idx": "A119AR140140",
    "node_type": "1",
    "junction": [],
    "point": [
      495.9120000000112,
      -848.0430000000633,
      -0.1319999999999979
    ],
    "on_stop_line": false
  },
  {
    "idx": "A119AR140141",
    "node_type": "1",
    "junction": [],
    "point": [
      508.35999999998603,
      -816.1579999998212,
      -0.31400000000000006
    ],
    "on_stop_line": false
  },
  {
    "idx": "A119AR140142",
    "node_type": "1",
    "junction": [],
    "point": [
      503.43900000001304,
      -825.3739999998361,
      -0.23399999999999466
    ],
    "on_stop_line": false
  },
  {
    "idx": "A119AR140143",
    "node_type": "1",
    "junction": [],
    "point": [
      680.6149999999907,
      -1026.0809999997728,
      -0.11399999999999721
    ],
    "on_stop_line": false
  },
  {
    "idx": "A119AR140144",
    "node_type": "10",
    "junction": [],
    "point": [
      700.9500000000116,
      -998.3349999999627,
      -0.5289999999999964
    ],
    "on_stop_line": false
  },
  {
    "idx": "A119AR140145",
    "node_type": "1",
    "junction": [],
    "point": [
      678.2770000000019,
      -1023.6740000001155,
      -0.15499999999999403
    ],
    "on_stop_line": false
  },
  {
    "idx": "A119AR140146",
    "node_type": "10",
    "junction": [],
    "point": [
      705.2689999999711,
      -980.844000000041,
      -0.5279999999999987
    ],
    "on_stop_line": false
  },
  {
    "idx": "A119AR140147",
    "node_type": "1",
    "junction": [],
    "point": [
      697.7909999999683,
      -1066.3519999999553,
      -0.45599999999999596
    ],
    "on_stop_line": false
  },
  {
    "idx": "A119AR140148",
    "node_type": "1",
    "junction": [],
    "point": [
      730.8319999999949,
      -1032.8220000001602,
      -0.4649999999999963
    ],
    "on_stop_line": false
  },
  {
    "idx": "A119AR140149",
    "node_type": "1",
    "junction": [],
    "point": [
      738.5899999999674,
      -1018.1200000001118,
      -0.41199999999999903
    ],
    "on_stop_line": false
  },
  {
    "idx": "A119AR140150",
    "node_type": "1",
    "junction": [],
    "point": [
      697.4899999999907,
      -977.8100000000559,
      -0.5739999999999981
    ],
    "on_stop_line": false
  },
  {
    "idx": "A119AR140151",
    "node_type": "10",
    "junction": [],
    "point": [
      721.670999999973,
      -1004.3479999997653,
      -0.4059999999999988
    ],
    "on_stop_line": false
  },
  {
    "idx": "A119AR140152",
    "node_type": "99",
    "junction": [],
    "point": [
      802.8129999999655,
      -982.5210000001825,
      0.16800000000000637
    ],
    "on_stop_line": false
  },
  {
    "idx": "A119AR140153",
    "node_type": "10",
    "junction": [],
    "point": [
      811.24099999998,
      -1092.498999999836,
      0.8000000000000043
    ],
    "on_stop_line": false
  },
  {
    "idx": "A119AR140154",
    "node_type": "99",
    "junction": [],
    "point": [
      817.195000000007,
      -918.2360000000335,
      0.16600000000000392
    ],
    "on_stop_line": false
  },
  {
    "idx": "A119AR140155",
    "node_type": "1",
    "junction": [],
    "point": [
      574.5439999999944,
      -767.875,
      -0.3260000000000005
    ],
    "on_stop_line": false
  },
  {
    "idx": "A119AR140156",
    "node_type": "1",
    "junction": [],
    "point": [
      577.5530000000144,
      -764.5779999997467,
      -0.269999999999996
    ],
    "on_stop_line": false
  },
  {
    "idx": "A119AR140157",
    "node_type": "1",
    "junction": [],
    "point": [
      582.1020000000135,
      -761.4670000001788,
      -0.2539999999999978
    ],
    "on_stop_line": false
  },
  {
    "idx": "A119AR140158",
    "node_type": "1",
    "junction": [],
    "point": [
      589.1269999999786,
      -755.0720000001602,
      -0.20999999999999375
    ],
    "on_stop_line": false
  },
  {
    "idx": "A119AR140159",
    "node_type": "1",
    "junction": [],
    "point": [
      585.4479999999749,
      -757.9819999998435,
      -0.23099999999999454
    ],
    "on_stop_line": false
  },
  {
    "idx": "A119AR140160",
    "node_type": "1",
    "junction": [],
    "point": [
      579.7969999999623,
      -940.648999999743,
      -0.11999999999999744
    ],
    "on_stop_line": false
  },
  {
    "idx": "A119AR140161",
    "node_type": "1",
    "junction": [],
    "point": [
      660.1929999999702,
      -1014.4419999998063,
      -0.19899999999999807
    ],
    "on_stop_line": false
  },
  {
    "idx": "A119AR140163",
    "node_type": "1",
    "junction": [],
    "point": [
      554.1279999999679,
      -947.8730000001378,
      -0.2639999999999958
    ],
    "on_stop_line": false
  },
  {
    "idx": "A119AR140164",
    "node_type": "1",
    "junction": [],
    "point": [
      592.0899999999674,
      -908.9169999998994,
      -0.3999999999999986
    ],
    "on_stop_line": false
  },
  {
    "idx": "A119AR140165",
    "node_type": "1",
    "junction": [],
    "point": [
      587.1030000000028,
      -917.6770000001416,
      -0.2809999999999988
    ],
    "on_stop_line": false
  },
  {
    "idx": "A119AR140166",
    "node_type": "1",
    "junction": [],
    "point": [
      675.7880000000005,
      -929.9989999998361,
      -0.4859999999999971
    ],
    "on_stop_line": false
  },
  {
    "idx": "A119AR140167",
    "node_type": "1",
    "junction": [],
    "point": [
      561.6609999999637,
      -936.4670000001788,
      -0.10199999999999676
    ],
    "on_stop_line": false
  },
  {
    "idx": "A119AR140168",
    "node_type": "99",
    "junction": [],
    "point": [
      681.8839999999618,
      -1062.1469999998808,
      -0.4959999999999951
    ],
    "on_stop_line": false
  },
  {
    "idx": "A119AR140169",
    "node_type": "99",
    "junction": [],
    "point": [
      89.50699999998324,
      -140.5299999997951,
      0.017000000000003013
    ],
    "on_stop_line": false
  },
  {
    "idx": "A119AR140170",
    "node_type": "7",
    "junction": [],
    "point": [
      132.09700000000885,
      -155.31300000008196,
      0.0800000000000054
    ],
    "on_stop_line": false
  },
  {
    "idx": "A119AR140171",
    "node_type": "99",
    "junction": [],
    "point": [
      94.66099999996368,
      -130.31699999980628,
      0.19200000000000017
    ],
    "on_stop_line": false
  },
  {
    "idx": "A119AR140172",
    "node_type": "1",
    "junction": [],
    "point": [
      11.619999999995343,
      -76.39199999999255,
      0.8370000000000033
    ],
    "on_stop_line": false
  },
  {
    "idx": "A119AR140174",
    "node_type": "99",
    "junction": [],
    "point": [
      92.61900000000605,
      -133.65700000012293,
      0.13600000000000279
    ],
    "on_stop_line": false
  },
  {
    "idx": "A119AR140175",
    "node_type": "99",
    "junction": [],
    "point": [
      91.08299999998417,
      -137.04699999978766,
      0.054000000000002046
    ],
    "on_stop_line": false
  },
  {
    "idx": "A119AR140176",
    "node_type": "7",
    "junction": [],
    "point": [
      713.7220000000088,
      -819.1319999997504,
      -0.006000000000000227
    ],
    "on_stop_line": false
  },
  {
    "idx": "A119AR140177",
    "node_type": "10",
    "junction": [],
    "point": [
      400.3150000000023,
      -522.3590000001714,
      -0.026999999999993918
    ],
    "on_stop_line": false
  },
  {
    "idx": "A119AR140178",
    "node_type": "1",
    "junction": [],
    "point": [
      413.51799999998184,
      -505.80799999972805,
      -0.036999999999999034
    ],
    "on_stop_line": false
  },
  {
    "idx": "A119AR140179",
    "node_type": "99",
    "junction": [],
    "point": [
      386.6609999999637,
      -767.7700000000186,
      -0.08499999999999375
    ],
    "on_stop_line": false
  },
  {
    "idx": "A119AR140180",
    "node_type": "1",
    "junction": [],
    "point": [
      582.2880000000005,
      -938.401999999769,
      -0.125
    ],
    "on_stop_line": false
  },
  {
    "idx": "A119AR140181",
    "node_type": "1",
    "junction": [],
    "point": [
      657.7390000000014,
      -1016.7599999997765,
      -0.14399999999999835
    ],
    "on_stop_line": false
  },
  {
    "idx": "A119AR140182",
    "node_type": "1",
    "junction": [],
    "point": [
      477.8499999999767,
      -843.9169999998994,
      -0.12599999999999767
    ],
    "on_stop_line": false
  },
  {
    "idx": "A119AR140183",
    "node_type": "1",
    "junction": [],
    "point": [
      466.66300000000047,
      -858.2519999998622,
      -0.09399999999999409
    ],
    "on_stop_line": false
  },
  {
    "idx": "A119AR140184",
    "node_type": "1",
    "junction": [],
    "point": [
      498.42499999998836,
      -845.8479999997653,
      -0.08199999999999363
    ],
    "on_stop_line": false
  },
  {
    "idx": "A119AR140185",
    "node_type": "1",
    "junction": [],
    "point": [
      566.6639999999898,
      -915.9559999997728,
      -0.07199999999999562
    ],
    "on_stop_line": false
  },
  {
    "idx": "A119AR140186",
    "node_type": "1",
    "junction": [],
    "point": [
      569.1479999999865,
      -913.6400000001304,
      -0.1419999999999959
    ],
    "on_stop_line": false
  },
  {
    "idx": "A119AR140187",
    "node_type": "1",
    "junction": [],
    "point": [
      414.10699999995995,
      -753.2379999998957,
      -0.09599999999999653
    ],
    "on_stop_line": false
  },
  {
    "idx": "A119AR140188",
    "node_type": "1",
    "junction": [],
    "point": [
      482.82500000001164,
      -823.3530000001192,
      -0.04999999999999716
    ],
    "on_stop_line": false
  },
  {
    "idx": "A119AR140189",
    "node_type": "7",
    "junction": [],
    "point": [
      137.57699999999022,
      -150.34899999992922,
      0.01300000000000523
    ],
    "on_stop_line": false
  },
  {
    "idx": "A119AR140190",
    "node_type": "7",
    "junction": [],
    "point": [
      700.5899999999674,
      -1004.2299999999814,
      -0.33899999999999864
    ],
    "on_stop_line": false
  },
  {
    "idx": "A119AR140191",
    "node_type": "99",
    "junction": [],
    "point": [
      639.2600000000093,
      -1029.1319999997504,
      -0.07600000000000051
    ],
    "on_stop_line": false
  },
  {
    "idx": "A119AR140192",
    "node_type": "1",
    "junction": [],
    "point": [
      647.0449999999837,
      -1026.6370000001043,
      -0.10199999999999676
    ],
    "on_stop_line": true
  },
  {
    "idx": "A119AR140193",
    "node_type": "99",
    "junction": [],
    "point": [
      639.7239999999874,
      -1025.8670000000857,
      -0.09299999999999642
    ],
    "on_stop_line": false
  },
  {
    "idx": "A119AR140194",
    "node_type": "99",
    "junction": [],
    "point": [
      644.9469999999856,
      -1012.7480000001378,
      -0.16199999999999903
    ],
    "on_stop_line": false
  },
  {
    "idx": "A119AR140195",
    "node_type": "99",
    "junction": [],
    "point": [
      647.4319999999716,
      -1010.4789999998175,
      -0.11899999999999977
    ],
    "on_stop_line": false
  },
  {
    "idx": "A119AR140196",
    "node_type": "7",
    "junction": [],
    "point": [
      716.8319999999949,
      -816.5159999998286,
      0.05799999999999983
    ],
    "on_stop_line": false
  },
  {
    "idx": "A119AR140197",
    "node_type": "7",
    "junction": [],
    "point": [
      719.4679999999935,
      -814.2949999999255,
      0.07900000000000063
    ],
    "on_stop_line": false
  },
  {
    "idx": "A119AR140199",
    "node_type": "7",
    "junction": [],
    "point": [
      788.5889999999781,
      -1091.4159999997355,
      0.0660000000000025
    ],
    "on_stop_line": false
  },
  {
    "idx": "A119AR140200",
    "node_type": "7",
    "junction": [],
    "point": [
      792.1919999999809,
      -1091.3769999998622,
      0.07600000000000051
    ],
    "on_stop_line": false
  },
  {
    "idx": "A119AR140201",
    "node_type": "99",
    "junction": [],
    "point": [
      792.070000000007,
      -956.188000000082,
      0.11299999999999955
    ],
    "on_stop_line": false
  },
  {
    "idx": "A119AR140202",
    "node_type": "7",
    "junction": [],
    "point": [
      930.2039999999688,
      -1032.1019999999553,
      0.09000000000000341
    ],
    "on_stop_line": false
  },
  {
    "idx": "A119AR140203",
    "node_type": "7",
    "junction": [],
    "point": [
      927.7220000000088,
      -1034.6430000001565,
      0.03900000000000148
    ],
    "on_stop_line": false
  },
  {
    "idx": "A119AR140205",
    "node_type": "99",
    "junction": [],
    "point": [
      819.98199999996,
      -915.472000000067,
      0.10999999999999943
    ],
    "on_stop_line": false
  },
  {
    "idx": "A119AR140206",
    "node_type": "99",
    "junction": [],
    "point": [
      822.5,
      -912.9769999999553,
      0.05600000000000449
    ],
    "on_stop_line": false
  },
  {
    "idx": "A119AR140207",
    "node_type": "99",
    "junction": [],
    "point": [
      825.2249999999767,
      -910.2790000000969,
      0.026000000000003354
    ],
    "on_stop_line": false
  },
  {
    "idx": "A119AR140208",
    "node_type": "99",
    "junction": [],
    "point": [
      781.3439999999828,
      -957.7340000001714,
      -0.015999999999998238
    ],
    "on_stop_line": false
  },
  {
    "idx": "A119AR140209",
    "node_type": "99",
    "junction": [],
    "point": [
      785.2139999999781,
      -957.1749999998137,
      0.05100000000000193
    ],
    "on_stop_line": false
  },
  {
    "idx": "A119AR140210",
    "node_type": "99",
    "junction": [],
    "point": [
      788.6109999999753,
      -956.6899999999441,
      0.05300000000000438
    ],
    "on_stop_line": false
  },
  {
    "idx": "A119AR140211",
    "node_type": "7",
    "junction": [],
    "point": [
      737.3969999999972,
      -824.2069999999367,
      -0.022999999999996135
    ],
    "on_stop_line": false
  },
  {
    "idx": "A119AR140212",
    "node_type": "7",
    "junction": [],
    "point": [
      740.0249999999651,
      -821.8229999998584,
      -0.036999999999999034
    ],
    "on_stop_line": false
  },
  {
    "idx": "A119AR140213",
    "node_type": "7",
    "junction": [],
    "point": [
      742.8549999999814,
      -819.2560000000522,
      -0.07899999999999352
    ],
    "on_stop_line": false
  },
  {
    "idx": "A119AR140214",
    "node_type": "7",
    "junction": [],
    "point": [
      749.4500000000116,
      -865.9189999997616,
      -0.06899999999999551
    ],
    "on_stop_line": false
  },
  {
    "idx": "A119AR140215",
    "node_type": "7",
    "junction": [],
    "point": [
      752.9899999999907,
      -864.0260000000708,
      0.028000000000005798
    ],
    "on_stop_line": false
  },
  {
    "idx": "A119AR140216",
    "node_type": "7",
    "junction": [],
    "point": [
      755.9319999999716,
      -862.4539999999106,
      0.08800000000000097
    ],
    "on_stop_line": false
  },
  {
    "idx": "A119AR140217",
    "node_type": "99",
    "junction": [],
    "point": [
      237.24199999996927,
      -303.6219999999739,
      0.028000000000005798
    ],
    "on_stop_line": false
  },
  {
    "idx": "A119AR140218",
    "node_type": "7",
    "junction": [],
    "point": [
      203.3399999999674,
      -276.5460000000894,
      -0.01099999999999568
    ],
    "on_stop_line": false
  },
  {
    "idx": "A119AR140219",
    "node_type": "99",
    "junction": [],
    "point": [
      239.7849999999744,
      -300.6129999998957,
      0.054000000000002046
    ],
    "on_stop_line": false
  },
  {
    "idx": "A119AR140220",
    "node_type": "99",
    "junction": [],
    "point": [
      242.31299999996554,
      -297.6239999998361,
      0.12100000000000222
    ],
    "on_stop_line": false
  },
  {
    "idx": "A119AR140221",
    "node_type": "99",
    "junction": [],
    "point": [
      244.64299999998184,
      -294.8670000000857,
      0.15800000000000125
    ],
    "on_stop_line": false
  },
  {
    "idx": "A119AR140222",
    "node_type": "99",
    "junction": [],
    "point": [
      246.99699999997392,
      -292.089999999851,
      0.1700000000000017
    ],
    "on_stop_line": false
  },
  {
    "idx": "A119AR140224",
    "node_type": "7",
    "junction": [],
    "point": [
      215.0800000000163,
      -262.1779999998398,
      0.1700000000000017
    ],
    "on_stop_line": false
  },
  {
    "idx": "A119AR140225",
    "node_type": "7",
    "junction": [],
    "point": [
      217.8059999999823,
      -259.8259999998845,
      0.20900000000000318
    ],
    "on_stop_line": false
  },
  {
    "idx": "A119AR140226",
    "node_type": "7",
    "junction": [],
    "point": [
      176.0119999999879,
      -224.67499999981374,
      0.12600000000000477
    ],
    "on_stop_line": false
  },
  {
    "idx": "A119AR140227",
    "node_type": "7",
    "junction": [],
    "point": [
      178.89999999996508,
      -222.21999999973923,
      0.16600000000000392
    ],
    "on_stop_line": false
  },
  {
    "idx": "A119AR140228",
    "node_type": "7",
    "junction": [],
    "point": [
      181.67900000000373,
      -219.86799999978393,
      0.1880000000000024
    ],
    "on_stop_line": false
  },
  {
    "idx": "A119AR140229",
    "node_type": "99",
    "junction": [],
    "point": [
      -33.586999999999534,
      -141.35000000009313,
      0.021000000000000796
    ],
    "on_stop_line": false
  },
  {
    "idx": "A119AR140230",
    "node_type": "7",
    "junction": [],
    "point": [
      205.43900000001304,
      -273.52699999976903,
      0.02200000000000557
    ],
    "on_stop_line": false
  },
  {
    "idx": "A119AR140231",
    "node_type": "7",
    "junction": [],
    "point": [
      62.74799999996321,
      -202.22500000009313,
      -0.03499999999999659
    ],
    "on_stop_line": false
  },
  {
    "idx": "A119AR140232",
    "node_type": "7",
    "junction": [],
    "point": [
      207.64199999999255,
      -270.35800000000745,
      0.0870000000000033
    ],
    "on_stop_line": false
  },
  {
    "idx": "A119AR140234",
    "node_type": "99",
    "junction": [],
    "point": [
      -34.51800000004005,
      -136.5559999998659,
      0.07400000000000517
    ],
    "on_stop_line": false
  },
  {
    "idx": "A119AR140235",
    "node_type": "99",
    "junction": [],
    "point": [
      -35.39300000004005,
      -132.6970000001602,
      0.10300000000000153
    ],
    "on_stop_line": false
  },
  {
    "idx": "A119AR140236",
    "node_type": "99",
    "junction": [],
    "point": [
      -36.18100000004051,
      -129.23300000000745,
      0.06500000000000483
    ],
    "on_stop_line": false
  },
  {
    "idx": "A119AR140237",
    "node_type": "7",
    "junction": [],
    "point": [
      63.87900000001537,
      -198.3139999997802,
      0.06800000000000495
    ],
    "on_stop_line": false
  },
  {
    "idx": "A119AR140238",
    "node_type": "7",
    "junction": [],
    "point": [
      64.81199999997625,
      -195.09499999973923,
      0.04700000000000415
    ],
    "on_stop_line": false
  },
  {
    "idx": "A119AR140240",
    "node_type": "7",
    "junction": [],
    "point": [
      -99.46900000004098,
      -152.87699999986216,
      0.15700000000000358
    ],
    "on_stop_line": false
  },
  {
    "idx": "A119AR140241",
    "node_type": "7",
    "junction": [],
    "point": [
      -98.50500000000466,
      -149.9440000001341,
      0.10600000000000165
    ],
    "on_stop_line": false
  },
  {
    "idx": "A119AR140242",
    "node_type": "7",
    "junction": [],
    "point": [
      -97.45799999998417,
      -146.76299999980256,
      0.04800000000000182
    ],
    "on_stop_line": false
  },
  {
    "idx": "A119AR140243",
    "node_type": "99",
    "junction": [],
    "point": [
      -101.55600000004051,
      -141.41500000003725,
      -0.016999999999995907
    ],
    "on_stop_line": false
  },
  {
    "idx": "A119AR140244",
    "node_type": "7",
    "junction": [],
    "point": [
      -61.7050000000163,
      -140.29199999989942,
      0.03800000000000381
    ],
    "on_stop_line": false
  },
  {
    "idx": "A119AR140245",
    "node_type": "7",
    "junction": [],
    "point": [
      -62.29800000000978,
      -136.52499999990687,
      0.025000000000005684
    ],
    "on_stop_line": false
  },
  {
    "idx": "A119AR140246",
    "node_type": "7",
    "junction": [],
    "point": [
      -62.84700000000885,
      -132.96900000004098,
      -0.021999999999998465
    ],
    "on_stop_line": false
  },
  {
    "idx": "A119AR140247",
    "node_type": "99",
    "junction": [],
    "point": [
      -104.73000000003958,
      -153.3859999999404,
      0.4239999999999995
    ],
    "on_stop_line": false
  },
  {
    "idx": "A119AR140248",
    "node_type": "99",
    "junction": [],
    "point": [
      -104.06400000001304,
      -151.35900000017136,
      0.18299999999999983
    ],
    "on_stop_line": false
  },
  {
    "idx": "A119AR140249",
    "node_type": "99",
    "junction": [],
    "point": [
      -103.10500000003958,
      -148.44499999983236,
      0.10999999999999943
    ],
    "on_stop_line": false
  },
  {
    "idx": "A119AR140250",
    "node_type": "99",
    "junction": [],
    "point": [
      -102.05800000001909,
      -145.25999999977648,
      0.05100000000000193
    ],
    "on_stop_line": false
  },
  {
    "idx": "A119AR140251",
    "node_type": "99",
    "junction": [],
    "point": [
      -101.65700000000652,
      -137.92499999981374,
      0.005000000000002558
    ],
    "on_stop_line": false
  },
  {
    "idx": "A119AR140252",
    "node_type": "7",
    "junction": [],
    "point": [
      -112.09600000001956,
      -136.9089999999851,
      0.0040000000000048885
    ],
    "on_stop_line": false
  },
  {
    "idx": "A119AR140253",
    "node_type": "99",
    "junction": [],
    "point": [
      -101.76500000001397,
      -134.21999999973923,
      -0.046999999999997044
    ],
    "on_stop_line": false
  },
  {
    "idx": "A119AR140254",
    "node_type": "7",
    "junction": [],
    "point": [
      -111.95799999998417,
      -133.2310000001453,
      -0.030999999999998806
    ],
    "on_stop_line": false
  },
  {
    "idx": "A119AR140255",
    "node_type": "7",
    "junction": [],
    "point": [
      -113.04800000000978,
      -141.39600000018254,
      0.05300000000000438
    ],
    "on_stop_line": false
  },
  {
    "idx": "A119AR140256",
    "node_type": "7",
    "junction": [],
    "point": [
      -114.09400000004098,
      -144.60499999998137,
      0.11200000000000188
    ],
    "on_stop_line": false
  },
  {
    "idx": "A119AR140257",
    "node_type": "7",
    "junction": [],
    "point": [
      -115.0460000000312,
      -147.53899999987334,
      0.2510000000000048
    ],
    "on_stop_line": false
  },
  {
    "idx": "A119AR140258",
    "node_type": "7",
    "junction": [],
    "point": [
      -115.71199999999953,
      -149.59700000006706,
      0.605000000000004
    ],
    "on_stop_line": false
  },
  {
    "idx": "A119AR140259",
    "node_type": "99",
    "junction": [],
    "point": [
      155.96899999998277,
      -191.47500000009313,
      0.21700000000000585
    ],
    "on_stop_line": false
  },
  {
    "idx": "A119AR140260",
    "node_type": "99",
    "junction": [],
    "point": [
      153.20199999999022,
      -193.7799999997951,
      0.1700000000000017
    ],
    "on_stop_line": false
  },
  {
    "idx": "A119AR140261",
    "node_type": "99",
    "junction": [],
    "point": [
      150.28899999998976,
      -196.20800000010058,
      0.13300000000000267
    ],
    "on_stop_line": false
  },
  {
    "idx": "A119AR140262",
    "node_type": "99",
    "junction": [],
    "point": [
      101.2050000000163,
      -126.88100000005215,
      0.13100000000000023
    ],
    "on_stop_line": false
  },
  {
    "idx": "A119AR140263",
    "node_type": "99",
    "junction": [],
    "point": [
      103.76500000001397,
      -124.08799999998882,
      0.10300000000000153
    ],
    "on_stop_line": false
  },
  {
    "idx": "A119AR140264",
    "node_type": "99",
    "junction": [],
    "point": [
      106.375,
      -121.60800000000745,
      0.05100000000000193
    ],
    "on_stop_line": false
  },
  {
    "idx": "A119AR140265",
    "node_type": "99",
    "junction": [],
    "point": [
      109.16300000000047,
      -118.95800000010058,
      0.010000000000005116
    ],
    "on_stop_line": false
  },
  {
    "idx": "A119AR140267",
    "node_type": "7",
    "junction": [],
    "point": [
      -2.0719999999855645,
      -1.825999999884516,
      0.03800000000000381
    ],
    "on_stop_line": false
  },
  {
    "idx": "A119AR140268",
    "node_type": "7",
    "junction": [],
    "point": [
      -138.41800000000512,
      -134.21100000012666,
      0.09700000000000131
    ],
    "on_stop_line": false
  },
  {
    "idx": "A119AR140269",
    "node_type": "7",
    "junction": [],
    "point": [
      -4.804999999993015,
      -4.233000000007451,
      0.030000000000001137
    ],
    "on_stop_line": false
  },
  {
    "idx": "A119AR140270",
    "node_type": "7",
    "junction": [],
    "point": [
      -136.7270000000135,
      -131.2510000001639,
      0.036000000000001364
    ],
    "on_stop_line": false
  },
  {
    "idx": "A119AR140271",
    "node_type": "7",
    "junction": [],
    "point": [
      -165.16300000000047,
      -112.63799999980256,
      0.05000000000000426
    ],
    "on_stop_line": false
  },
  {
    "idx": "A119AR140272",
    "node_type": "7",
    "junction": [],
    "point": [
      -167.53899999998976,
      -115.37800000002608,
      0.1530000000000058
    ],
    "on_stop_line": false
  },
  {
    "idx": "A119AR140273",
    "node_type": "7",
    "junction": [],
    "point": [
      -169.3759999999893,
      -117.49500000011176,
      0.5600000000000023
    ],
    "on_stop_line": false
  },
  {
    "idx": "A119AR140274",
    "node_type": "7",
    "junction": [],
    "point": [
      -170.68900000001304,
      -119.00900000007823,
      1.3340000000000032
    ],
    "on_stop_line": false
  },
  {
    "idx": "A119AR140275",
    "node_type": "99",
    "junction": [],
    "point": [
      414.51500000001397,
      -494.0030000000261,
      -0.017999999999993577
    ],
    "on_stop_line": false
  },
  {
    "idx": "A119AR140276",
    "node_type": "99",
    "junction": [],
    "point": [
      417.28899999998976,
      -491.47899999981746,
      -0.007999999999995566
    ],
    "on_stop_line": false
  },
  {
    "idx": "A119AR140277",
    "node_type": "99",
    "junction": [],
    "point": [
      420.2969999999623,
      -488.73999999975786,
      0.05700000000000216
    ],
    "on_stop_line": false
  },
  {
    "idx": "A119AR140278",
    "node_type": "99",
    "junction": [],
    "point": [
      422.8379999999888,
      -486.42700000014156,
      0.09200000000000585
    ],
    "on_stop_line": false
  },
  {
    "idx": "A119AR140279",
    "node_type": "99",
    "junction": [],
    "point": [
      429.08699999999953,
      -510.1129999998957,
      -0.041999999999994486
    ],
    "on_stop_line": true
  },
  {
    "idx": "A119AR140280",
    "node_type": "99",
    "junction": [],
    "point": [
      431.85699999995995,
      -507.58399999979883,
      -0.031999999999996476
    ],
    "on_stop_line": false
  },
  {
    "idx": "A119AR140281",
    "node_type": "99",
    "junction": [],
    "point": [
      434.84799999999814,
      -504.8549999999814,
      0.04800000000000182
    ],
    "on_stop_line": false
  },
  {
    "idx": "A119AR140282",
    "node_type": "99",
    "junction": [],
    "point": [
      437.4070000000065,
      -502.5200000000186,
      0.09200000000000585
    ],
    "on_stop_line": false
  },
  {
    "idx": "A119AR140283",
    "node_type": "7",
    "junction": [],
    "point": [
      270.30300000001444,
      -334.9920000000857,
      -0.0049999999999954525
    ],
    "on_stop_line": false
  },
  {
    "idx": "A119AR140284",
    "node_type": "7",
    "junction": [],
    "point": [
      273.17599999997765,
      -332.2530000000261,
      0.045000000000001705
    ],
    "on_stop_line": false
  },
  {
    "idx": "A119AR140285",
    "node_type": "7",
    "junction": [],
    "point": [
      275.93599999998696,
      -329.62099999981,
      0.09300000000000352
    ],
    "on_stop_line": false
  },
  {
    "idx": "A119AR140286",
    "node_type": "7",
    "junction": [],
    "point": [
      278.6449999999604,
      -327.08199999993667,
      0.13800000000000523
    ],
    "on_stop_line": false
  },
  {
    "idx": "A119AR140287",
    "node_type": "1",
    "junction": [],
    "point": [
      395.0329999999958,
      -545.1990000000224,
      0.015000000000000568
    ],
    "on_stop_line": true
  },
  {
    "idx": "A119AR140288",
    "node_type": "1",
    "junction": [],
    "point": [
      397.91599999996834,
      -531.9210000000894,
      -0.006999999999997897
    ],
    "on_stop_line": true
  },
  {
    "idx": "A119AR140289",
    "node_type": "1",
    "junction": [],
    "point": [
      380.73300000000745,
      -532.7080000001006,
      0.0030000000000001137
    ],
    "on_stop_line": true
  },
  {
    "idx": "A119AR140290",
    "node_type": "1",
    "junction": [],
    "point": [
      720.4949999999953,
      -990.719000000041,
      -0.3329999999999984
    ],
    "on_stop_line": true
  },
  {
    "idx": "A119AR140291",
    "node_type": "1",
    "junction": [],
    "point": [
      712.1549999999697,
      -982.6099999998696,
      -0.33199999999999363
    ],
    "on_stop_line": true
  },
  {
    "idx": "A119AR140292",
    "node_type": "1",
    "junction": [],
    "point": [
      703.3329999999842,
      -990.719000000041,
      -0.3219999999999956
    ],
    "on_stop_line": true
  },
  {
    "idx": "A119AR140293",
    "node_type": "1",
    "junction": [],
    "point": [
      712.1549999999697,
      -999.8410000000149,
      -0.3219999999999956
    ],
    "on_stop_line": true
  },
  {
    "idx": "A119AR140294",
    "node_type": "99",
    "junction": [],
    "point": [
      799.5,
      -1013.4739999999292,
      0.2910000000000039
    ],
    "on_stop_line": false
  },
  {
    "idx": "A119AR140295",
    "node_type": "99",
    "junction": [],
    "point": [
      864.9180000000051,
      -977.8109999997541,
      0.4299999999999997
    ],
    "on_stop_line": false
  }
]