[
  {
    "idx": "SSN000000",
    "link_id_list": [
      "A219AR140065"
    ],
    "point": [
      [
        560.853,
        -932.722,
        2.874
      ],
      [
        565.744,
        -941.967,
        2.852
      ],
      [
        579.439,
        -935.755,
        6.044
      ],
      [
        577.244,
        -937.781,
        5.998
      ]
    ],
    "intersection_controller_id": "IntTL1",
    "signal_id_list": [
      "C119AR140002",
      "C119AR140003",
      "C119AR140040",
      "C119AR140039"
    ]
  },
  {
    "idx": "SSN000001",
    "link_id_list": [
      "A219AR140081"
    ],
    "point": [
      [
        573.94,
        -914.027,
        2.764
      ],
      [
        559.635,
        -922.709,
        2.758
      ],
      [
        564.753,
        -934.995,
        5.848
      ],
      [
        563.789,
        -933.415,
        6.007
      ]
    ],
    "intersection_controller_id": "IntTL1",
    "signal_id_list": [
      "C119AR140004",
      "C119AR140001",
      "C119AR140036",
      "C119AR140035"
    ]
  },
  {
    "idx": "SSN000002",
    "link_id_list": [
      "A219AR140064"
    ],
    "point": [
      [
        587.436,
        -921.876,
        2.768
      ],
      [
        583.499,
        -912.502,
        2.6
      ],
      [
        570.448,
        -919.613,
        5.685
      ],
      [
        572.786,
        -917.908,
        5.814
      ]
    ],
    "intersection_controller_id": "IntTL1",
    "signal_id_list": [
      "C119AR140006",
      "C119AR140012",
      "C119AR140037",
      "C119AR140038"
    ]
  },
  {
    "idx": "SSN000003",
    "link_id_list": [
      "A219AR140084"
    ],
    "point": [
      [
        576.063,
        -941.449,
        2.878
      ],
      [
        590.562,
        -932.396,
        2.801
      ],
      [
        583.068,
        -919.949,
        5.923
      ],
      [
        584.47,
        -921.3,
        5.819
      ]
    ],
    "intersection_controller_id": "IntTL1",
    "signal_id_list": [
      "C119AR140005",
      "C119AR140007",
      "C119AR140018",
      "C119AR140019"
    ]
  },
  {
    "idx": "SSN000004",
    "link_id_list": [
      "A219AR140228",
      "A219AR140223"
    ],
    "point": [
      [
        398.576,
        -745.539,
        5.893
      ],
      [
        399.988,
        -747.076,
        5.951
      ]
    ],
    "intersection_controller_id": "IntTL3",
    "signal_id_list": [
      "C119AR140025",
      "C119AR140024"
    ]
  },
  {
    "idx": "SSN000005",
    "link_id_list": [
      "A219AR140226",
      "A219AR140227"
    ],
    "point": [
      [
        406.943,
        -734.739,
        5.829
      ],
      [
        404.823,
        -736.667,
        5.952
      ]
    ],
    "intersection_controller_id": "IntTL3",
    "signal_id_list": [
      "C119AR140022",
      "C119AR140023"
    ]
  },
  {
    "idx": "SSN000006",
    "link_id_list": [
      "A219AR140088"
    ],
    "point": [
      [
        407.345,
        -754.997,
        2.883
      ],
      [
        422.133,
        -746.313,
        2.781
      ],
      [
        415.933,
        -734.141,
        5.945
      ],
      [
        417.391,
        -735.373,
        5.852
      ]
    ],
    "intersection_controller_id": "IntTL3",
    "signal_id_list": [
      "C119AR140021",
      "C119AR140020",
      "C119AR140027",
      "C119AR140026"
    ]
  },
  {
    "idx": "SSN000007",
    "link_id_list": [
      "A219AR140083"
    ],
    "point": [
      [
        504.021,
        -829.585,
        2.678
      ],
      [
        499.357,
        -819.637,
        2.597
      ],
      [
        488.559,
        -828.023,
        5.831
      ],
      [
        490.687,
        -826.16,
        5.865
      ]
    ],
    "intersection_controller_id": "IntTL2",
    "signal_id_list": [
      "C119AR140010",
      "C119AR140009",
      "C119AR140015",
      "C119AR140016"
    ]
  },
  {
    "idx": "SSN000008",
    "link_id_list": [
      "A219AR140085"
    ],
    "point": [
      [
        490.134,
        -821.796,
        2.833
      ],
      [
        475.386,
        -830.099,
        2.854
      ],
      [
        481.34,
        -842.448,
        5.805
      ],
      [
        480.15,
        -840.59,
        6.013
      ]
    ],
    "intersection_controller_id": "IntTL2",
    "signal_id_list": [
      "C119AR140013",
      "C119AR140028",
      "C119AR140032",
      "C119AR140030"
    ]
  },
  {
    "idx": "SSN000009",
    "link_id_list": [
      "A219AR140044"
    ],
    "point": [
      [
        477.225,
        -840.04,
        2.917
      ],
      [
        481.42,
        -849.913,
        2.845
      ],
      [
        495.442,
        -842.763,
        5.761
      ],
      [
        493.118,
        -844.582,
        5.868
      ]
    ],
    "intersection_controller_id": "IntTL2",
    "signal_id_list": [
      "C119AR140029",
      "C119AR140031",
      "C119AR140008",
      "C119AR140017"
    ]
  },
  {
    "idx": "SSN000010",
    "link_id_list": [
      "A219AR140087"
    ],
    "point": [
      [
        491.677,
        -848.158,
        2.84
      ],
      [
        506.234,
        -839.26,
        2.865
      ],
      [
        500.849,
        -828.758,
        5.709
      ],
      [
        499.801,
        -826.988,
        5.477
      ]
    ],
    "intersection_controller_id": "IntTL2",
    "signal_id_list": [
      "C119AR140014",
      "C119AR140011",
      "C119AR140034",
      "C119AR140033"
    ]
  }
]