[
  {
    "idx": "B119AR140001",
    "link_id_list": [
      "A219AR140052"
    ],
    "road_id": "",
    "type": "1",
    "sub_type": "199",
    "dynamic": false,
    "orientation": "+",
    "point": [
      729.8819999999832,
      -1000.9950000001118,
      1.8290000000000006
    ],
    "value": 0,
    "country": "KR",
    "z_offset": 2.1,
    "height": 0.73,
    "width": 0.9,
    "type_def": "ngii_model2",
    "ref_crosswalk_id": "",
    "heading": -48.26146880427134
  },
  {
    "idx": "B119AR140002",
    "link_id_list": [
      "A219AR140190"
    ],
    "road_id": "",
    "type": "3",
    "sub_type": "322",
    "dynamic": false,
    "orientation": "+",
    "point": [
      753.4990000000107,
      -1029.6310000000522,
      1.9340000000000046
    ],
    "value": 0,
    "country": "KR",
    "z_offset": 2.1,
    "height": 0.6,
    "width": 0.6,
    "type_def": "ngii_model2",
    "ref_crosswalk_id": "",
    "heading": -48.13065703184539
  },
  {
    "idx": "B119AR140003",
    "link_id_list": [
      "A219AR140011"
    ],
    "road_id": "",
    "type": "4",
    "sub_type": "499",
    "dynamic": false,
    "orientation": "+",
    "point": [
      666.0380000000005,
      -892.2179999998771,
      1.6260000000000048
    ],
    "value": 0,
    "country": "KR",
    "z_offset": 2.1,
    "height": 0.4,
    "width": 0.4,
    "type_def": "ngii_model2",
    "ref_crosswalk_id": "",
    "heading": -52.15530526246814
  },
  {
    "idx": "B119AR140004",
    "link_id_list": [
      "A219AR140185"
    ],
    "road_id": "",
    "type": "3",
    "sub_type": "322",
    "dynamic": false,
    "orientation": "+",
    "point": [
      702.9170000000158,
      -1078.6929999999702,
      1.899000000000001
    ],
    "value": 0,
    "country": "KR",
    "z_offset": 2.1,
    "height": 0.6,
    "width": 0.6,
    "type_def": "ngii_model2",
    "ref_crosswalk_id": "",
    "heading": -75.96629017406406
  },
  {
    "idx": "B119AR140005",
    "link_id_list": [
      "A219AR140037"
    ],
    "road_id": "",
    "type": "1",
    "sub_type": "132",
    "dynamic": false,
    "orientation": "+",
    "point": [
      718.255999999994,
      -1095.7250000000931,
      1.7870000000000061
    ],
    "value": 0,
    "country": "KR",
    "z_offset": 2.1,
    "height": 0.73,
    "width": 0.9,
    "type_def": "ngii_model2",
    "ref_crosswalk_id": "",
    "heading": -47.87876430572425
  },
  {
    "idx": "B119AR140006",
    "link_id_list": [
      "A219AR140179"
    ],
    "road_id": "",
    "type": "3",
    "sub_type": "322",
    "dynamic": false,
    "orientation": "+",
    "point": [
      744.4199999999837,
      -1112.2629999998026,
      1.6600000000000037
    ],
    "value": 0,
    "country": "KR",
    "z_offset": 2.1,
    "height": 0.6,
    "width": 0.6,
    "type_def": "ngii_model2",
    "ref_crosswalk_id": "",
    "heading": 82.18611385788049
  },
  {
    "idx": "B119AR140007",
    "link_id_list": [
      "A219AR140041"
    ],
    "road_id": "",
    "type": "1",
    "sub_type": "132",
    "dynamic": false,
    "orientation": "+",
    "point": [
      761.4780000000028,
      -1096.7599999997765,
      1.9950000000000045
    ],
    "value": 0,
    "country": "KR",
    "z_offset": 2.1,
    "height": 0.73,
    "width": 0.9,
    "type_def": "ngii_model2",
    "ref_crosswalk_id": "",
    "heading": 91.14213977397358
  },
  {
    "idx": "B119AR140009",
    "link_id_list": [
      "A219AR140041"
    ],
    "road_id": "",
    "type": "1",
    "sub_type": "199",
    "dynamic": false,
    "orientation": "+",
    "point": [
      761.3910000000033,
      -1096.4860000000335,
      2.7140000000000057
    ],
    "value": 0,
    "country": "KR",
    "z_offset": 2.1,
    "height": 0.73,
    "width": 0.9,
    "type_def": "ngii_model2",
    "ref_crosswalk_id": "",
    "heading": 91.14213977397358
  },
  {
    "idx": "B119AR140010",
    "link_id_list": [
      "A219AR140010"
    ],
    "road_id": "",
    "type": "3",
    "sub_type": "322",
    "dynamic": false,
    "orientation": "+",
    "point": [
      757.5689999999595,
      -1136.1200000001118,
      1.6500000000000057
    ],
    "value": 0,
    "country": "KR",
    "z_offset": 2.1,
    "height": 0.6,
    "width": 0.6,
    "type_def": "ngii_model2",
    "ref_crosswalk_id": "",
    "heading": -18.807059617593076
  },
  {
    "idx": "B119AR140011",
    "link_id_list": [
      "A219AR140010"
    ],
    "road_id": "",
    "type": "1",
    "sub_type": "132",
    "dynamic": false,
    "orientation": "+",
    "point": [
      771.5380000000005,
      -1152.9830000000075,
      2.0220000000000056
    ],
    "value": 0,
    "country": "KR",
    "z_offset": 2.1,
    "height": 0.73,
    "width": 0.9,
    "type_def": "ngii_model2",
    "ref_crosswalk_id": "",
    "heading": -18.807059617593076
  },
  {
    "idx": "B119AR140012",
    "link_id_list": [
      "A219AR140002"
    ],
    "road_id": "",
    "type": "4",
    "sub_type": "499",
    "dynamic": false,
    "orientation": "+",
    "point": [
      787.0409999999683,
      -1212.158999999985,
      2.0890000000000057
    ],
    "value": 0,
    "country": "KR",
    "z_offset": 2.1,
    "height": 0.4,
    "width": 0.4,
    "type_def": "ngii_model2",
    "ref_crosswalk_id": "",
    "heading": 161.2189019035208
  },
  {
    "idx": "B119AR140013",
    "link_id_list": [
      "A219AR140002"
    ],
    "road_id": "",
    "type": "2",
    "sub_type": "224",
    "dynamic": false,
    "orientation": "+",
    "point": [
      787.0339999999851,
      -1212.1959999999963,
      2.5489999999999995
    ],
    "value": 60,
    "country": "KR",
    "z_offset": 2.1,
    "height": 0.6,
    "width": 0.6,
    "type_def": "ngii_model2",
    "ref_crosswalk_id": "",
    "heading": 161.2189019035208
  },
  {
    "idx": "B119AR140014",
    "link_id_list": [
      "A219AR140010"
    ],
    "road_id": "",
    "type": "1",
    "sub_type": "199",
    "dynamic": false,
    "orientation": "+",
    "point": [
      771.625,
      -1153.029999999795,
      2.8120000000000047
    ],
    "value": 0,
    "country": "KR",
    "z_offset": 2.1,
    "height": 0.73,
    "width": 0.9,
    "type_def": "ngii_model2",
    "ref_crosswalk_id": "",
    "heading": -18.807059617593076
  },
  {
    "idx": "B119AR140015",
    "link_id_list": [
      "A219AR140055"
    ],
    "road_id": "",
    "type": "3",
    "sub_type": "306",
    "dynamic": false,
    "orientation": "+",
    "point": [
      804.7039999999688,
      -969.87099999981,
      2.352000000000004
    ],
    "value": 0,
    "country": "KR",
    "z_offset": 2.1,
    "height": 0.6,
    "width": 0.6,
    "type_def": "ngii_model2",
    "ref_crosswalk_id": "",
    "heading": -152.43565905216934
  },
  {
    "idx": "B119AR140016",
    "link_id_list": [
      "A219AR140055"
    ],
    "road_id": "",
    "type": "2",
    "sub_type": "214",
    "dynamic": false,
    "orientation": "+",
    "point": [
      804.7199999999721,
      -969.8289999999106,
      2.9440000000000026
    ],
    "value": 0,
    "country": "KR",
    "z_offset": 2.1,
    "height": 0.6,
    "width": 0.6,
    "type_def": "ngii_model2",
    "ref_crosswalk_id": "",
    "heading": -152.43565905216934
  },
  {
    "idx": "B119AR140017",
    "link_id_list": [
      "A219AR140007"
    ],
    "road_id": "",
    "type": "1",
    "sub_type": "199",
    "dynamic": false,
    "orientation": "+",
    "point": [
      1054.353999999992,
      -1169.875,
      1.5579999999999998
    ],
    "value": 0,
    "country": "KR",
    "z_offset": 2.1,
    "height": 0.73,
    "width": 0.9,
    "type_def": "ngii_model2",
    "ref_crosswalk_id": "",
    "heading": -155.36078990349705
  },
  {
    "idx": "B119AR140018",
    "link_id_list": [
      "A219AR140005"
    ],
    "road_id": "",
    "type": "2",
    "sub_type": "224",
    "dynamic": false,
    "orientation": "+",
    "point": [
      1002.2699999999604,
      -1184.1990000000224,
      2.1140000000000043
    ],
    "value": 60,
    "country": "KR",
    "z_offset": 2.1,
    "height": 0.6,
    "width": 0.6,
    "type_def": "ngii_model2",
    "ref_crosswalk_id": "",
    "heading": 39.39832436234094
  },
  {
    "idx": "B119AR140023",
    "link_id_list": [
      "A219AR140037"
    ],
    "road_id": "",
    "type": "1",
    "sub_type": "199",
    "dynamic": false,
    "orientation": "+",
    "point": [
      718.1809999999823,
      -1095.8459999999031,
      2.558
    ],
    "value": 0,
    "country": "KR",
    "z_offset": 2.1,
    "height": 0.73,
    "width": 0.9,
    "type_def": "ngii_model2",
    "ref_crosswalk_id": "",
    "heading": -47.87876430572425
  },
  {
    "idx": "B119AR140024",
    "link_id_list": [
      "A219AR140186"
    ],
    "road_id": "",
    "type": "3",
    "sub_type": "322",
    "dynamic": false,
    "orientation": "+",
    "point": [
      694.7870000000112,
      -1061.319000000134,
      2.149000000000001
    ],
    "value": 0,
    "country": "KR",
    "z_offset": 2.1,
    "height": 0.6,
    "width": 0.6,
    "type_def": "ngii_model2",
    "ref_crosswalk_id": "",
    "heading": 87.70660248572564
  },
  {
    "idx": "B119AR140025",
    "link_id_list": [
      "A219AR140051"
    ],
    "road_id": "",
    "type": "1",
    "sub_type": "199",
    "dynamic": false,
    "orientation": "+",
    "point": [
      716.7129999999888,
      -1041.4419999998063,
      3.057000000000002
    ],
    "value": 0,
    "country": "KR",
    "z_offset": 2.1,
    "height": 0.73,
    "width": 0.9,
    "type_def": "ngii_model2",
    "ref_crosswalk_id": "",
    "heading": 42.08516798180166
  },
  {
    "idx": "B119AR140026",
    "link_id_list": [
      "A219AR140051"
    ],
    "road_id": "",
    "type": "1",
    "sub_type": "132",
    "dynamic": false,
    "orientation": "+",
    "point": [
      716.6909999999916,
      -1041.408999999985,
      2.075000000000003
    ],
    "value": 0,
    "country": "KR",
    "z_offset": 2.1,
    "height": 0.73,
    "width": 0.9,
    "type_def": "ngii_model2",
    "ref_crosswalk_id": "",
    "heading": 42.08516798180166
  },
  {
    "idx": "B119AR140027",
    "link_id_list": [
      "A219AR140188"
    ],
    "road_id": "",
    "type": "3",
    "sub_type": "322",
    "dynamic": false,
    "orientation": "+",
    "point": [
      733.6879999999655,
      -1038.3629999998957,
      2.2070000000000007
    ],
    "value": 0,
    "country": "KR",
    "z_offset": 2.1,
    "height": 0.6,
    "width": 0.6,
    "type_def": "ngii_model2",
    "ref_crosswalk_id": "",
    "heading": -112.8183503807156
  },
  {
    "idx": "B119AR140028",
    "link_id_list": [
      "A219AR140048"
    ],
    "road_id": "",
    "type": "1",
    "sub_type": "199",
    "dynamic": false,
    "orientation": "+",
    "point": [
      700.4459999999963,
      -1012.1800000001676,
      2.233000000000004
    ],
    "value": 0,
    "country": "KR",
    "z_offset": 2.1,
    "height": 0.73,
    "width": 0.9,
    "type_def": "ngii_model2",
    "ref_crosswalk_id": "",
    "heading": -138.93044659598084
  },
  {
    "idx": "B119AR140029",
    "link_id_list": [
      "A219AR140012"
    ],
    "road_id": "",
    "type": "1",
    "sub_type": "199",
    "dynamic": false,
    "orientation": "+",
    "point": [
      719.5860000000102,
      -965.6370000001043,
      1.7970000000000041
    ],
    "value": 0,
    "country": "KR",
    "z_offset": 2.1,
    "height": 0.73,
    "width": 0.9,
    "type_def": "ngii_model2",
    "ref_crosswalk_id": "",
    "heading": 128.00505303956893
  },
  {
    "idx": "B119AR140030",
    "link_id_list": [
      "A219AR140012"
    ],
    "road_id": "",
    "type": "2",
    "sub_type": "224",
    "dynamic": false,
    "orientation": "+",
    "point": [
      449.58499999996275,
      -666.5329999998212,
      2.051000000000002
    ],
    "value": 60,
    "country": "KR",
    "z_offset": 2.1,
    "height": 0.6,
    "width": 0.6,
    "type_def": "ngii_model2",
    "ref_crosswalk_id": "",
    "heading": 128.00505303956893
  },
  {
    "idx": "B119AR140031",
    "link_id_list": [
      "A219AR140011"
    ],
    "road_id": "",
    "type": "2",
    "sub_type": "224",
    "dynamic": false,
    "orientation": "+",
    "point": [
      665.9979999999632,
      -892.1189999999478,
      2.105000000000004
    ],
    "value": 60,
    "country": "KR",
    "z_offset": 2.1,
    "height": 0.6,
    "width": 0.6,
    "type_def": "ngii_model2",
    "ref_crosswalk_id": "",
    "heading": -52.15530526246814
  },
  {
    "idx": "B119AR140032",
    "link_id_list": [
      "A219AR140053"
    ],
    "road_id": "",
    "type": "1",
    "sub_type": "199",
    "dynamic": false,
    "orientation": "+",
    "point": [
      693.2380000000121,
      -980.9130000001751,
      1.5830000000000055
    ],
    "value": 0,
    "country": "KR",
    "z_offset": 2.1,
    "height": 0.73,
    "width": 0.9,
    "type_def": "ngii_model2",
    "ref_crosswalk_id": "",
    "heading": 133.34242068230228
  },
  {
    "idx": "B119AR140033",
    "link_id_list": [
      "A219AR140012"
    ],
    "road_id": "",
    "type": "1",
    "sub_type": "199",
    "dynamic": false,
    "orientation": "+",
    "point": [
      702.8699999999953,
      -946.2429999997839,
      1.9680000000000035
    ],
    "value": 0,
    "country": "KR",
    "z_offset": 2.1,
    "height": 0.73,
    "width": 0.9,
    "type_def": "ngii_model2",
    "ref_crosswalk_id": "",
    "heading": 128.00505303956893
  },
  {
    "idx": "B119AR140034",
    "link_id_list": [
      "A219AR140012"
    ],
    "road_id": "",
    "type": "1",
    "sub_type": "199",
    "dynamic": false,
    "orientation": "+",
    "point": [
      378.83299999998417,
      -558.1809999998659,
      1.9500000000000028
    ],
    "value": 0,
    "country": "KR",
    "z_offset": 2.1,
    "height": 0.73,
    "width": 0.9,
    "type_def": "ngii_model2",
    "ref_crosswalk_id": "",
    "heading": 128.00505303956893
  },
  {
    "idx": "B119AR140035",
    "link_id_list": [
      "A219AR140011"
    ],
    "road_id": "",
    "type": "1",
    "sub_type": "199",
    "dynamic": false,
    "orientation": "+",
    "point": [
      387.49099999998,
      -572.655999999959,
      2.139000000000003
    ],
    "value": 0,
    "country": "KR",
    "z_offset": 2.1,
    "height": 0.73,
    "width": 0.9,
    "type_def": "ngii_model2",
    "ref_crosswalk_id": "",
    "heading": -52.15530526246814
  },
  {
    "idx": "B119AR140036",
    "link_id_list": [
      "A219AR140238"
    ],
    "road_id": "",
    "type": "3",
    "sub_type": "304",
    "dynamic": false,
    "orientation": "+",
    "point": [
      388.0109999999986,
      -541.3919999999925,
      1.8950000000000031
    ],
    "value": 0,
    "country": "KR",
    "z_offset": 2.1,
    "height": 0.6,
    "width": 0.6,
    "type_def": "ngii_model2",
    "ref_crosswalk_id": "",
    "heading": 138.86290072707484
  },
  {
    "idx": "B119AR140037",
    "link_id_list": [
      "A219AR140258"
    ],
    "road_id": "",
    "type": "3",
    "sub_type": "304",
    "dynamic": false,
    "orientation": "+",
    "point": [
      390.9109999999637,
      -532.8149999999441,
      2.3160000000000025
    ],
    "value": 0,
    "country": "KR",
    "z_offset": 2.1,
    "height": 0.6,
    "width": 0.6,
    "type_def": "ngii_model2",
    "ref_crosswalk_id": "",
    "heading": 2.6223760600848323
  },
  {
    "idx": "B119AR140038",
    "link_id_list": [
      "A219AR140259"
    ],
    "road_id": "",
    "type": "3",
    "sub_type": "304",
    "dynamic": false,
    "orientation": "+",
    "point": [
      393.7239999999874,
      -537.7599999997765,
      2.156000000000006
    ],
    "value": 0,
    "country": "KR",
    "z_offset": 2.1,
    "height": 0.6,
    "width": 0.6,
    "type_def": "ngii_model2",
    "ref_crosswalk_id": "",
    "heading": -102.25026207231566
  },
  {
    "idx": "B119AR140039",
    "link_id_list": [
      "A219AR140078"
    ],
    "road_id": "",
    "type": "1",
    "sub_type": "199",
    "dynamic": false,
    "orientation": "+",
    "point": [
      406.28899999998976,
      -507.32299999985844,
      2.111000000000004
    ],
    "value": 0,
    "country": "KR",
    "z_offset": 2.1,
    "height": 0.73,
    "width": 0.9,
    "type_def": "ngii_model2",
    "ref_crosswalk_id": "",
    "heading": 42.68484413709128
  },
  {
    "idx": "B119AR140040",
    "link_id_list": [
      "A219AR140077"
    ],
    "road_id": "",
    "type": "2",
    "sub_type": "213",
    "dynamic": false,
    "orientation": "+",
    "point": [
      410.6599999999744,
      -518.2609999999404,
      2.209000000000003
    ],
    "value": 0,
    "country": "KR",
    "z_offset": 2.1,
    "height": 0.6,
    "width": 0.6,
    "type_def": "ngii_model2",
    "ref_crosswalk_id": "",
    "heading": -137.72778693765173
  },
  {
    "idx": "B119AR140041",
    "link_id_list": [
      "A219AR140011"
    ],
    "road_id": "",
    "type": "1",
    "sub_type": "199",
    "dynamic": false,
    "orientation": "+",
    "point": [
      414.5709999999963,
      -614.1110000000335,
      1.8620000000000019
    ],
    "value": 0,
    "country": "KR",
    "z_offset": 2.1,
    "height": 0.73,
    "width": 0.9,
    "type_def": "ngii_model2",
    "ref_crosswalk_id": "",
    "heading": -52.15530526246814
  },
  {
    "idx": "B119AR140042",
    "link_id_list": [
      "A219AR140169"
    ],
    "road_id": "",
    "type": "2",
    "sub_type": "211",
    "dynamic": false,
    "orientation": "+",
    "point": [
      427.2399999999907,
      -514.5389999998733,
      2.125
    ],
    "value": 0,
    "country": "KR",
    "z_offset": 2.1,
    "height": 0.6,
    "width": 0.6,
    "type_def": "ngii_model2",
    "ref_crosswalk_id": "",
    "heading": -47.35206937922335
  },
  {
    "idx": "B119AR140043",
    "link_id_list": [
      "A219AR140016"
    ],
    "road_id": "",
    "type": "1",
    "sub_type": "199",
    "dynamic": false,
    "orientation": "+",
    "point": [
      427.72299999999814,
      -535.3700000001118,
      1.9580000000000055
    ],
    "value": 0,
    "country": "KR",
    "z_offset": 2.1,
    "height": 0.73,
    "width": 0.9,
    "type_def": "ngii_model2",
    "ref_crosswalk_id": "",
    "heading": -15.489718581999053
  },
  {
    "idx": "B119AR140044",
    "link_id_list": [
      "A219AR140167"
    ],
    "road_id": "",
    "type": "2",
    "sub_type": "224",
    "dynamic": false,
    "orientation": "+",
    "point": [
      -52.52500000002328,
      -44.825000000186265,
      8.638000000000005
    ],
    "value": 60,
    "country": "KR",
    "z_offset": 2.1,
    "height": 0.6,
    "width": 0.6,
    "type_def": "ngii_model2",
    "ref_crosswalk_id": "",
    "heading": -145.1147457969221
  },
  {
    "idx": "B119AR140045",
    "link_id_list": [
      "A219AR140142"
    ],
    "road_id": "",
    "type": "2",
    "sub_type": "224",
    "dynamic": false,
    "orientation": "+",
    "point": [
      -90.24100000003818,
      -60.018999999854714,
      9.159000000000006
    ],
    "value": 60,
    "country": "KR",
    "z_offset": 2.1,
    "height": 0.6,
    "width": 0.6,
    "type_def": "ngii_model2",
    "ref_crosswalk_id": "",
    "heading": 1.614166185210914
  },
  {
    "idx": "B119AR140046",
    "link_id_list": [
      "A219AR140167"
    ],
    "road_id": "",
    "type": "2",
    "sub_type": "224",
    "dynamic": false,
    "orientation": "+",
    "point": [
      -81.05900000000838,
      -47.88700000010431,
      10.014000000000003
    ],
    "value": 60,
    "country": "KR",
    "z_offset": 2.1,
    "height": 0.6,
    "width": 0.6,
    "type_def": "ngii_model2",
    "ref_crosswalk_id": "",
    "heading": -145.1147457969221
  },
  {
    "idx": "B119AR140047",
    "link_id_list": [
      "A219AR140073"
    ],
    "road_id": "",
    "type": "1",
    "sub_type": "199",
    "dynamic": false,
    "orientation": "+",
    "point": [
      -15.491000000038184,
      -63.001999999862164,
      3.815000000000005
    ],
    "value": 0,
    "country": "KR",
    "z_offset": 2.1,
    "height": 0.73,
    "width": 0.9,
    "type_def": "ngii_model2",
    "ref_crosswalk_id": "",
    "heading": 150.59492897369375
  },
  {
    "idx": "B119AR140048",
    "link_id_list": [
      "A219AR140127"
    ],
    "road_id": "",
    "type": "1",
    "sub_type": "199",
    "dynamic": false,
    "orientation": "+",
    "point": [
      -65.62400000001071,
      -72.02499999990687,
      3.6580000000000013
    ],
    "value": 0,
    "country": "KR",
    "z_offset": 2.1,
    "height": 0.73,
    "width": 0.9,
    "type_def": "ngii_model2",
    "ref_crosswalk_id": "",
    "heading": -2.154859907520297
  },
  {
    "idx": "B119AR140049",
    "link_id_list": [
      "A219AR140072"
    ],
    "road_id": "",
    "type": "1",
    "sub_type": "199",
    "dynamic": false,
    "orientation": "+",
    "point": [
      -48.27000000001863,
      -63.95699999993667,
      3.5250000000000057
    ],
    "value": 0,
    "country": "KR",
    "z_offset": 2.1,
    "height": 0.73,
    "width": 0.9,
    "type_def": "ngii_model2",
    "ref_crosswalk_id": "",
    "heading": -30.81244593861508
  }
]