[
  {
    "idx": "C119AR140001",
    "link_id_list": [
      "A219AR140084"
    ],
    "road_id": "",
    "type": "pedestrian",
    "sub_type": null,
    "dynamic": true,
    "orientation": "+",
    "point": [
      559.635,
      -922.709,
      2.758
    ],
    "value": 0,
    "country": "KR",
    "z_offset": 0,
    "height": 0,
    "width": 0,
    "type_def": "mgeo",
    "ref_crosswalk_id": "CW000010",
    "heading": 78.2587
  },
  {
    "idx": "C119AR140002",
    "link_id_list": [
      "A219AR140065"
    ],
    "road_id": "",
    "type": "pedestrian",
    "sub_type": null,
    "dynamic": true,
    "orientation": "+",
    "point": [
      560.853,
      -932.722,
      2.874
    ],
    "value": 0,
    "country": "KR",
    "z_offset": 0,
    "height": 0,
    "width": 0,
    "type_def": "mgeo",
    "ref_crosswalk_id": "CW000009",
    "heading": 42.9443
  },
  {
    "idx": "C119AR140003",
    "link_id_list": [
      "A219AR140064"
    ],
    "road_id": "",
    "type": "pedestrian",
    "sub_type": null,
    "dynamic": true,
    "orientation": "+",
    "point": [
      565.744,
      -941.967,
      2.852
    ],
    "value": 0,
    "country": "KR",
    "z_offset": 0,
    "height": 0,
    "width": 0,
    "type_def": "mgeo",
    "ref_crosswalk_id": "CW000009",
    "heading": 135.0376
  },
  {
    "idx": "C119AR140004",
    "link_id_list": [
      "A219AR140081"
    ],
    "road_id": "",
    "type": "pedestrian",
    "sub_type": null,
    "dynamic": true,
    "orientation": "+",
    "point": [
      573.94,
      -914.027,
      2.764
    ],
    "value": 0,
    "country": "KR",
    "z_offset": 0,
    "height": 0,
    "width": 0,
    "type_def": "mgeo",
    "ref_crosswalk_id": "CW000010",
    "heading": 227.23146
  },
  {
    "idx": "C119AR140005",
    "link_id_list": [
      "A219AR140084"
    ],
    "road_id": "",
    "type": "pedestrian",
    "sub_type": null,
    "dynamic": true,
    "orientation": "+",
    "point": [
      576.063,
      -941.449,
      2.878
    ],
    "value": 0,
    "country": "KR",
    "z_offset": 0,
    "height": 0,
    "width": 0,
    "type_def": "mgeo",
    "ref_crosswalk_id": "CW000008",
    "heading": 48.658800000000014
  },
  {
    "idx": "C119AR140006",
    "link_id_list": [
      "A219AR140064"
    ],
    "road_id": "",
    "type": "pedestrian",
    "sub_type": null,
    "dynamic": true,
    "orientation": "+",
    "point": [
      587.436,
      -921.876,
      2.768
    ],
    "value": 0,
    "country": "KR",
    "z_offset": 0,
    "height": 0,
    "width": 0,
    "type_def": "mgeo",
    "ref_crosswalk_id": "CW000007",
    "heading": 127.4007
  },
  {
    "idx": "C119AR140007",
    "link_id_list": [
      "A219AR140081"
    ],
    "road_id": "",
    "type": "pedestrian",
    "sub_type": null,
    "dynamic": true,
    "orientation": "+",
    "point": [
      590.562,
      -932.396,
      2.801
    ],
    "value": 0,
    "country": "KR",
    "z_offset": 0,
    "height": 0,
    "width": 0,
    "type_def": "mgeo",
    "ref_crosswalk_id": "CW000008",
    "heading": 223.46908
  },
  {
    "idx": "C119AR140008",
    "link_id_list": [
      "A219AR140218",
      "A219AR140219",
      "A219AR140221",
      "A219AR140220"
    ],
    "road_id": "",
    "type": "car",
    "sub_type": [
      "red",
      "yellow",
      "left",
      "straight"
    ],
    "dynamic": true,
    "orientation": "horizontal",
    "point": [
      495.442,
      -842.763,
      5.761
    ],
    "value": 0,
    "country": "KR",
    "z_offset": 2.1,
    "height": 0.6,
    "width": 0.6,
    "type_def": "mgeo",
    "ref_crosswalk_id": "",
    "heading": 132.398
  },
  {
    "idx": "C119AR140009",
    "link_id_list": [
      "A219AR140044"
    ],
    "road_id": "",
    "type": "pedestrian",
    "sub_type": null,
    "dynamic": true,
    "orientation": "+",
    "point": [
      499.357,
      -819.637,
      2.597
    ],
    "value": 0,
    "country": "KR",
    "z_offset": 0,
    "height": 0,
    "width": 0,
    "type_def": "mgeo",
    "ref_crosswalk_id": "CW000004",
    "heading": -44.6318
  },
  {
    "idx": "C119AR140010",
    "link_id_list": [
      "A219AR140083"
    ],
    "road_id": "",
    "type": "pedestrian",
    "sub_type": null,
    "dynamic": true,
    "orientation": "+",
    "point": [
      504.021,
      -829.585,
      2.678
    ],
    "value": 0,
    "country": "KR",
    "z_offset": 0,
    "height": 0,
    "width": 0,
    "type_def": "mgeo",
    "ref_crosswalk_id": "CW000004",
    "heading": 128.1575
  },
  {
    "idx": "C119AR140011",
    "link_id_list": [
      "A219AR140085"
    ],
    "road_id": "",
    "type": "pedestrian",
    "sub_type": null,
    "dynamic": true,
    "orientation": "+",
    "point": [
      506.234,
      -839.26,
      2.865
    ],
    "value": 0,
    "country": "KR",
    "z_offset": 0,
    "height": 0,
    "width": 0,
    "type_def": "mgeo",
    "ref_crosswalk_id": "CW000005",
    "heading": 214.36572
  },
  {
    "idx": "C119AR140012",
    "link_id_list": [
      "A219AR140065"
    ],
    "road_id": "",
    "type": "pedestrian",
    "sub_type": null,
    "dynamic": true,
    "orientation": "+",
    "point": [
      583.499,
      -912.502,
      2.6
    ],
    "value": 0,
    "country": "KR",
    "z_offset": 0,
    "height": 0,
    "width": 0,
    "type_def": "mgeo",
    "ref_crosswalk_id": "CW000007",
    "heading": -55.94709999999998
  },
  {
    "idx": "C119AR140013",
    "link_id_list": [
      "A219AR140085"
    ],
    "road_id": "",
    "type": "pedestrian",
    "sub_type": null,
    "dynamic": true,
    "orientation": "+",
    "point": [
      490.134,
      -821.796,
      2.833
    ],
    "value": 0,
    "country": "KR",
    "z_offset": 0,
    "height": 0,
    "width": 0,
    "type_def": "mgeo",
    "ref_crosswalk_id": "CW000003",
    "heading": 219.3878
  },
  {
    "idx": "C119AR140014",
    "link_id_list": [
      "A219AR140087"
    ],
    "road_id": "",
    "type": "pedestrian",
    "sub_type": null,
    "dynamic": true,
    "orientation": "+",
    "point": [
      491.677,
      -848.158,
      2.84
    ],
    "value": 0,
    "country": "KR",
    "z_offset": 0,
    "height": 0,
    "width": 0,
    "type_def": "mgeo",
    "ref_crosswalk_id": "CW000005",
    "heading": 46.4358
  },
  {
    "idx": "C119AR140015",
    "link_id_list": [
      "A219AR140214",
      "A219AR140215",
      "A219AR140213",
      "A219AR140212"
    ],
    "road_id": "",
    "type": "car",
    "sub_type": [
      "red",
      "yellow",
      "left",
      "straight"
    ],
    "dynamic": true,
    "orientation": "horizontal",
    "point": [
      488.559,
      -828.023,
      5.831
    ],
    "value": 0,
    "country": "KR",
    "z_offset": 2.1,
    "height": 0.6,
    "width": 0.6,
    "type_def": "mgeo",
    "ref_crosswalk_id": "",
    "heading": -47.80419999999998
  },
  {
    "idx": "C119AR140016",
    "link_id_list": [
      "A219AR140214",
      "A219AR140215",
      "A219AR140213",
      "A219AR140212"
    ],
    "road_id": "",
    "type": "car",
    "sub_type": [
      "red",
      "yellow",
      "left",
      "straight"
    ],
    "dynamic": true,
    "orientation": "horizontal",
    "point": [
      490.687,
      -826.16,
      5.865
    ],
    "value": 0,
    "country": "KR",
    "z_offset": 2.1,
    "height": 0.6,
    "width": 0.6,
    "type_def": "mgeo",
    "ref_crosswalk_id": "",
    "heading": -47.80419999999998
  },
  {
    "idx": "C119AR140017",
    "link_id_list": [
      "A219AR140218",
      "A219AR140219",
      "A219AR140221",
      "A219AR140220"
    ],
    "road_id": "",
    "type": "car",
    "sub_type": [
      "red",
      "yellow",
      "left",
      "straight"
    ],
    "dynamic": true,
    "orientation": "horizontal",
    "point": [
      493.118,
      -844.582,
      5.868
    ],
    "value": 0,
    "country": "KR",
    "z_offset": 2.1,
    "height": 0.6,
    "width": 0.6,
    "type_def": "mgeo",
    "ref_crosswalk_id": "",
    "heading": 132.398
  },
  {
    "idx": "C119AR140018",
    "link_id_list": [
      "A219AR140209",
      "A219AR140198"
    ],
    "road_id": "",
    "type": "car",
    "sub_type": [
      "red",
      "yellow",
      "left",
      "straight"
    ],
    "dynamic": true,
    "orientation": "horizontal",
    "point": [
      583.068,
      -919.949,
      5.923
    ],
    "value": 0,
    "country": "KR",
    "z_offset": 2.1,
    "height": 0.6,
    "width": 0.6,
    "type_def": "mgeo",
    "ref_crosswalk_id": "",
    "heading": 222.5288
  },
  {
    "idx": "C119AR140019",
    "link_id_list": [
      "A219AR140209",
      "A219AR140198"
    ],
    "road_id": "",
    "type": "car",
    "sub_type": [
      "red",
      "yellow",
      "left",
      "straight"
    ],
    "dynamic": true,
    "orientation": "horizontal",
    "point": [
      584.47,
      -921.3,
      5.819
    ],
    "value": 0,
    "country": "KR",
    "z_offset": 2.1,
    "height": 0.6,
    "width": 0.6,
    "type_def": "mgeo",
    "ref_crosswalk_id": "",
    "heading": 222.5288
  },
  {
    "idx": "C119AR140020",
    "link_id_list": [
      "A219AR140088"
    ],
    "road_id": "",
    "type": "pedestrian",
    "sub_type": null,
    "dynamic": true,
    "orientation": "+",
    "point": [
      422.133,
      -746.313,
      2.781
    ],
    "value": 0,
    "country": "KR",
    "z_offset": 0,
    "height": 0,
    "width": 0,
    "type_def": "mgeo",
    "ref_crosswalk_id": "CW000001",
    "heading": 212.73954
  },
  {
    "idx": "C119AR140021",
    "link_id_list": [
      "A219AR140088"
    ],
    "road_id": "",
    "type": "pedestrian",
    "sub_type": null,
    "dynamic": true,
    "orientation": "+",
    "point": [
      407.345,
      -754.997,
      2.883
    ],
    "value": 0,
    "country": "KR",
    "z_offset": 0,
    "height": 0,
    "width": 0,
    "type_def": "mgeo",
    "ref_crosswalk_id": "CW000001",
    "heading": 50.93010000000001
  },
  {
    "idx": "C119AR140022",
    "link_id_list": [
      "A219AR140226",
      "A219AR140227"
    ],
    "road_id": "",
    "type": "car",
    "sub_type": [
      "red",
      "yellow",
      "straight"
    ],
    "dynamic": true,
    "orientation": "horizontal",
    "point": [
      406.943,
      -734.739,
      5.829
    ],
    "value": 0,
    "country": "KR",
    "z_offset": 2.1,
    "height": 0.73,
    "width": 0.9,
    "type_def": "mgeo",
    "ref_crosswalk_id": "",
    "heading": -47.85129999999998
  },
  {
    "idx": "C119AR140023",
    "link_id_list": [
      "A219AR140226",
      "A219AR140227"
    ],
    "road_id": "",
    "type": "car",
    "sub_type": [
      "red",
      "yellow",
      "straight"
    ],
    "dynamic": true,
    "orientation": "horizontal",
    "point": [
      404.823,
      -736.667,
      5.952
    ],
    "value": 0,
    "country": "KR",
    "z_offset": 2.1,
    "height": 0.73,
    "width": 0.9,
    "type_def": "mgeo",
    "ref_crosswalk_id": "",
    "heading": -47.85129999999998
  },
  {
    "idx": "C119AR140024",
    "link_id_list": [
      "A219AR140228",
      "A219AR140223"
    ],
    "road_id": "",
    "type": "car",
    "sub_type": [
      "red",
      "yellow",
      "left",
      "straight"
    ],
    "dynamic": true,
    "orientation": "horizontal",
    "point": [
      399.988,
      -747.076,
      5.951
    ],
    "value": 0,
    "country": "KR",
    "z_offset": 2.1,
    "height": 0.6,
    "width": 0.6,
    "type_def": "mgeo",
    "ref_crosswalk_id": "",
    "heading": 41.2679
  },
  {
    "idx": "C119AR140025",
    "link_id_list": [
      "A219AR140228",
      "A219AR140223"
    ],
    "road_id": "",
    "type": "car",
    "sub_type": [
      "red",
      "yellow",
      "left",
      "straight"
    ],
    "dynamic": true,
    "orientation": "horizontal",
    "point": [
      398.576,
      -745.539,
      5.893
    ],
    "value": 0,
    "country": "KR",
    "z_offset": 2.1,
    "height": 0.6,
    "width": 0.6,
    "type_def": "mgeo",
    "ref_crosswalk_id": "",
    "heading": 41.2679
  },
  {
    "idx": "C119AR140026",
    "link_id_list": [
      "A219AR140224",
      "A219AR140225"
    ],
    "road_id": "",
    "type": "car",
    "sub_type": [
      "red",
      "yellow",
      "straight"
    ],
    "dynamic": true,
    "orientation": "horizontal",
    "point": [
      417.391,
      -735.373,
      5.852
    ],
    "value": 0,
    "country": "KR",
    "z_offset": 2.1,
    "height": 0.73,
    "width": 0.9,
    "type_def": "mgeo",
    "ref_crosswalk_id": "",
    "heading": 239.77518
  },
  {
    "idx": "C119AR140027",
    "link_id_list": [
      "A219AR140224",
      "A219AR140225"
    ],
    "road_id": "",
    "type": "car",
    "sub_type": [
      "red",
      "yellow",
      "straight"
    ],
    "dynamic": true,
    "orientation": "horizontal",
    "point": [
      415.933,
      -734.141,
      5.945
    ],
    "value": 0,
    "country": "KR",
    "z_offset": 2.1,
    "height": 0.73,
    "width": 0.9,
    "type_def": "mgeo",
    "ref_crosswalk_id": "",
    "heading": 239.77518
  },
  {
    "idx": "C119AR140028",
    "link_id_list": [
      "A219AR140087"
    ],
    "road_id": "",
    "type": "pedestrian",
    "sub_type": null,
    "dynamic": true,
    "orientation": "+",
    "point": [
      475.386,
      -830.099,
      2.854
    ],
    "value": 0,
    "country": "KR",
    "z_offset": 0,
    "height": 0,
    "width": 0,
    "type_def": "mgeo",
    "ref_crosswalk_id": "CW000003",
    "heading": 43.5085
  },
  {
    "idx": "C119AR140029",
    "link_id_list": [
      "A219AR140044"
    ],
    "road_id": "",
    "type": "pedestrian",
    "sub_type": null,
    "dynamic": true,
    "orientation": "+",
    "point": [
      477.225,
      -840.04,
      2.917
    ],
    "value": 0,
    "country": "KR",
    "z_offset": 0,
    "height": 0,
    "width": 0,
    "type_def": "mgeo",
    "ref_crosswalk_id": "CW000006",
    "heading": -50.460800000000006
  },
  {
    "idx": "C119AR140030",
    "link_id_list": [
      "A219AR140210",
      "A219AR140211"
    ],
    "road_id": "",
    "type": "car",
    "sub_type": [
      "red",
      "yellow",
      "left",
      "straight"
    ],
    "dynamic": true,
    "orientation": "horizontal",
    "point": [
      480.15,
      -840.59,
      6.013
    ],
    "value": 0,
    "country": "KR",
    "z_offset": 2.1,
    "height": 0.6,
    "width": 0.6,
    "type_def": "mgeo",
    "ref_crosswalk_id": "",
    "heading": 43.965599999999995
  },
  {
    "idx": "C119AR140031",
    "link_id_list": [
      "A219AR140083"
    ],
    "road_id": "",
    "type": "pedestrian",
    "sub_type": null,
    "dynamic": true,
    "orientation": "+",
    "point": [
      481.42,
      -849.913,
      2.845
    ],
    "value": 0,
    "country": "KR",
    "z_offset": 0,
    "height": 0,
    "width": 0,
    "type_def": "mgeo",
    "ref_crosswalk_id": "CW000006",
    "heading": 221.61408
  },
  {
    "idx": "C119AR140032",
    "link_id_list": [
      "A219AR140210",
      "A219AR140211"
    ],
    "road_id": "",
    "type": "car",
    "sub_type": [
      "red",
      "yellow",
      "left",
      "straight"
    ],
    "dynamic": true,
    "orientation": "horizontal",
    "point": [
      481.34,
      -842.448,
      5.805
    ],
    "value": 0,
    "country": "KR",
    "z_offset": 2.1,
    "height": 0.6,
    "width": 0.6,
    "type_def": "mgeo",
    "ref_crosswalk_id": "",
    "heading": 43.965599999999995
  },
  {
    "idx": "C119AR140033",
    "link_id_list": [
      "A219AR140216",
      "A219AR140217"
    ],
    "road_id": "",
    "type": "car",
    "sub_type": [
      "red",
      "yellow",
      "left",
      "straight"
    ],
    "dynamic": true,
    "orientation": "horizontal",
    "point": [
      499.801,
      -826.988,
      5.477
    ],
    "value": 0,
    "country": "KR",
    "z_offset": 2.1,
    "height": 0.6,
    "width": 0.6,
    "type_def": "mgeo",
    "ref_crosswalk_id": "",
    "heading": 221.61408
  },
  {
    "idx": "C119AR140034",
    "link_id_list": [
      "A219AR140216",
      "A219AR140217"
    ],
    "road_id": "",
    "type": "car",
    "sub_type": [
      "red",
      "yellow",
      "left",
      "straight"
    ],
    "dynamic": true,
    "orientation": "horizontal",
    "point": [
      500.849,
      -828.758,
      5.709
    ],
    "value": 0,
    "country": "KR",
    "z_offset": 2.1,
    "height": 0.6,
    "width": 0.6,
    "type_def": "mgeo",
    "ref_crosswalk_id": "",
    "heading": 221.61408
  },
  {
    "idx": "C119AR140035",
    "link_id_list": [
      "A219AR140200",
      "A219AR140199"
    ],
    "road_id": "",
    "type": "car",
    "sub_type": [
      "red",
      "yellow",
      "left",
      "straight"
    ],
    "dynamic": true,
    "orientation": "horizontal",
    "point": [
      563.789,
      -933.415,
      6.007
    ],
    "value": 0,
    "country": "KR",
    "z_offset": 2.1,
    "height": 0.6,
    "width": 0.6,
    "type_def": "mgeo",
    "ref_crosswalk_id": "",
    "heading": 42.9443
  },
  {
    "idx": "C119AR140036",
    "link_id_list": [
      "A219AR140200",
      "A219AR140199"
    ],
    "road_id": "",
    "type": "car",
    "sub_type": [
      "red",
      "yellow",
      "left",
      "straight"
    ],
    "dynamic": true,
    "orientation": "horizontal",
    "point": [
      564.753,
      -934.995,
      5.848
    ],
    "value": 0,
    "country": "KR",
    "z_offset": 2.1,
    "height": 0.6,
    "width": 0.6,
    "type_def": "mgeo",
    "ref_crosswalk_id": "",
    "heading": 42.9443
  },
  {
    "idx": "C119AR140037",
    "link_id_list": [
      "A219AR140201",
      "A219AR140202",
      "A219AR140203",
      "A219AR140204"
    ],
    "road_id": "",
    "type": "car",
    "sub_type": [
      "red",
      "yellow",
      "left",
      "straight"
    ],
    "dynamic": true,
    "orientation": "horizontal",
    "point": [
      570.448,
      -919.613,
      5.685
    ],
    "value": 0,
    "country": "KR",
    "z_offset": 2.1,
    "height": 0.6,
    "width": 0.6,
    "type_def": "mgeo",
    "ref_crosswalk_id": "",
    "heading": -47.9246
  },
  {
    "idx": "C119AR140038",
    "link_id_list": [
      "A219AR140201",
      "A219AR140202",
      "A219AR140203",
      "A219AR140204"
    ],
    "road_id": "",
    "type": "car",
    "sub_type": [
      "red",
      "yellow",
      "left",
      "straight"
    ],
    "dynamic": true,
    "orientation": "horizontal",
    "point": [
      572.786,
      -917.908,
      5.814
    ],
    "value": 0,
    "country": "KR",
    "z_offset": 2.1,
    "height": 0.6,
    "width": 0.6,
    "type_def": "mgeo",
    "ref_crosswalk_id": "",
    "heading": -47.9246
  },
  {
    "idx": "C119AR140039",
    "link_id_list": [
      "A219AR140207",
      "A219AR140208",
      "A219AR140206",
      "A219AR140205"
    ],
    "road_id": "",
    "type": "car",
    "sub_type": [
      "red",
      "yellow",
      "left",
      "straight"
    ],
    "dynamic": true,
    "orientation": "horizontal",
    "point": [
      577.244,
      -937.781,
      5.998
    ],
    "value": 0,
    "country": "KR",
    "z_offset": 2.1,
    "height": 0.6,
    "width": 0.6,
    "type_def": "mgeo",
    "ref_crosswalk_id": "",
    "heading": 132.1451
  },
  {
    "idx": "C119AR140040",
    "link_id_list": [
      "A219AR140207",
      "A219AR140208",
      "A219AR140206",
      "A219AR140205"
    ],
    "road_id": "",
    "type": "car",
    "sub_type": [
      "red",
      "yellow",
      "left",
      "straight"
    ],
    "dynamic": true,
    "orientation": "horizontal",
    "point": [
      579.439,
      -935.755,
      6.044
    ],
    "value": 0,
    "country": "KR",
    "z_offset": 2.1,
    "height": 0.6,
    "width": 0.6,
    "type_def": "mgeo",
    "ref_crosswalk_id": "",
    "heading": 132.1451
  }
]