[
  {
    "idx": "CW000000",
    "single_crosswalk_list": [
      "B319BS010009"
    ],
    "ref_traffic_light_list": []
  },
  {
    "idx": "CW000001",
    "single_crosswalk_list": [
      "B319BS010013",
      "B319BS010012",
      "B319BS010011"
    ],
    "ref_traffic_light_list": [
      "C119BS010003",
      "C119BS010002"
    ]
  },
  {
    "idx": "CW000002",
    "single_crosswalk_list": [
      "B319BS010033",
      "B319BS010032",
      "B319BS010031"
    ],
    "ref_traffic_light_list": [
      "C119BS010009",
      "C119BS010008"
    ]
  },
  {
    "idx": "CW000003",
    "single_crosswalk_list": [
      "B319BS010028",
      "B319BS010030",
      "B319BS010029"
    ],
    "ref_traffic_light_list": [
      "C119BS010011",
      "C119BS010010"
    ]
  },
  {
    "idx": "CW000004",
    "single_crosswalk_list": [
      "B319BS010014",
      "B319BS010015",
      "B319BS010016"
    ],
    "ref_traffic_light_list": [
      "C119BS010004",
      "C119BS010006"
    ]
  },
  {
    "idx": "CW000005",
    "single_crosswalk_list": [
      "B319BS010051",
      "B319BS010050",
      "B319BS010049"
    ],
    "ref_traffic_light_list": [
      "C119BS010044",
      "C119BS010045"
    ]
  },
  {
    "idx": "CW000006",
    "single_crosswalk_list": [
      "B319BS010044"
    ],
    "ref_traffic_light_list": [
      "C119BS010050",
      "C119BS010042"
    ]
  },
  {
    "idx": "CW000007",
    "single_crosswalk_list": [
      "B319BS010039",
      "B319BS010038",
      "B319BS010037"
    ],
    "ref_traffic_light_list": [
      "C119BS010043",
      "C119BS010041"
    ]
  },
  {
    "idx": "CW000008",
    "single_crosswalk_list": [
      "B319BS010034",
      "B319BS010036",
      "B319BS010035"
    ],
    "ref_traffic_light_list": [
      "C119BS010049",
      "C119BS010048"
    ]
  },
  {
    "idx": "CW000009",
    "single_crosswalk_list": [
      "B319BS010023",
      "B319BS010025",
      "B319BS010024"
    ],
    "ref_traffic_light_list": []
  },
  {
    "idx": "CW000010",
    "single_crosswalk_list": [
      "B319BS010019",
      "B319BS010018",
      "B319BS010017"
    ],
    "ref_traffic_light_list": []
  },
  {
    "idx": "CW000011",
    "single_crosswalk_list": [
      "B319BS010022",
      "B319BS010021",
      "B319BS010020"
    ],
    "ref_traffic_light_list": []
  },
  {
    "idx": "CW000012",
    "single_crosswalk_list": [
      "B319BS010046",
      "B319BS010045"
    ],
    "ref_traffic_light_list": [
      "C119BS010014",
      "C119BS010013"
    ]
  },
  {
    "idx": "CW000013",
    "single_crosswalk_list": [
      "B319BS010048",
      "B319BS010047"
    ],
    "ref_traffic_light_list": [
      "C119BS010019",
      "C119BS010020"
    ]
  },
  {
    "idx": "CW000014",
    "single_crosswalk_list": [
      "B319BS010052",
      "B319BS010053"
    ],
    "ref_traffic_light_list": [
      "C119BS010018",
      "C119BS010017"
    ]
  },
  {
    "idx": "CW000015",
    "single_crosswalk_list": [
      "B319BS010026",
      "B319BS010027"
    ],
    "ref_traffic_light_list": [
      "C119BS010015",
      "C119BS010016"
    ]
  },
  {
    "idx": "CW000016",
    "single_crosswalk_list": [
      "B319BS010057",
      "B319BS010056"
    ],
    "ref_traffic_light_list": []
  },
  {
    "idx": "CW000017",
    "single_crosswalk_list": [
      "B319BS010055",
      "B319BS010054"
    ],
    "ref_traffic_light_list": [
      "C119BS010081",
      "C119BS010078"
    ]
  },
  {
    "idx": "CW000018",
    "single_crosswalk_list": [
      "B319BS010060",
      "B319BS010061"
    ],
    "ref_traffic_light_list": [
      "C119BS010058",
      "C119BS010057"
    ]
  },
  {
    "idx": "CW000019",
    "single_crosswalk_list": [
      "B319BS010058",
      "B319BS010059"
    ],
    "ref_traffic_light_list": [
      "C119BS010054",
      "C119BS010053"
    ]
  },
  {
    "idx": "CW000020",
    "single_crosswalk_list": [
      "B319BS010063",
      "B319BS010062"
    ],
    "ref_traffic_light_list": [
      "C119BS010061",
      "C119BS010062"
    ]
  },
  {
    "idx": "CW000021",
    "single_crosswalk_list": [
      "B319BS010002"
    ],
    "ref_traffic_light_list": []
  },
  {
    "idx": "CW000022",
    "single_crosswalk_list": [
      "B319BS010007"
    ],
    "ref_traffic_light_list": []
  },
  {
    "idx": "CW000023",
    "single_crosswalk_list": [
      "B319BS010003",
      "B319BS010001"
    ],
    "ref_traffic_light_list": [
      "C119BS010066",
      "C119BS010065"
    ]
  },
  {
    "idx": "CW000024",
    "single_crosswalk_list": [
      "B319BS010005",
      "B319BS010008"
    ],
    "ref_traffic_light_list": [
      "C119BS010071",
      "C119BS010070"
    ]
  },
  {
    "idx": "CW000025",
    "single_crosswalk_list": [
      "B319BS010006",
      "B319BS010004"
    ],
    "ref_traffic_light_list": [
      "C119BS010067",
      "C119BS010068"
    ]
  }
]