[
  {
    "idx": "P000000",
    "points": [
      [
        34.691101,
        1124.358398,
        -0.822192
      ],
      [
        29.860912,
        1124.155273,
        -0.717592
      ],
      [
        29.890799,
        1121.878662,
        -0.739114
      ],
      [
        34.396229,
        1122.06604,
        -0.844764
      ],
      [
        34.691101,
        1124.358398,
        -0.822192
      ]
    ],
    "center_point": [
      32.217075011400695,
      1123.1414779660504,
      -0.780788308504036
    ],
    "parking_type": "2",
    "parking_target_type": "1",
    "parking_direction": "3",
    "distance": 4.8144830467905315,
    "width": 2.3113554879621367,
    "length": 4.835589591905628,
    "angle": 121.76082502642836,
    "linked_left_list_idx": [],
    "linked_right_list_idx": [
      "A219BS010380"
    ]
  },
  {
    "idx": "P000002",
    "points": [
      [
        32.997601,
        1121.776001,
        -0.807631
      ],
      [
        28.462397,
        1121.585938,
        -0.719636
      ],
      [
        28.508661,
        1119.319702,
        -0.740313
      ],
      [
        32.996044,
        1119.507446,
        -0.835391
      ],
      [
        32.997601,
        1121.776001,
        -0.807631
      ]
    ],
    "center_point": [
      30.741456116412696,
      1120.5512727268683,
      -0.7757066442021584
    ],
    "parking_type": "2",
    "parking_target_type": "1",
    "parking_direction": "3",
    "distance": 4.7737201200811885,
    "width": 2.268725375596052,
    "length": 4.540037707509712,
    "angle": 121.24457055801966,
    "linked_left_list_idx": [],
    "linked_right_list_idx": [
      "A219BS010380"
    ]
  },
  {
    "idx": "P000005",
    "points": [
      [
        31.512865,
        1119.208862,
        -0.802067
      ],
      [
        27.034418,
        1119.021362,
        -0.719824
      ],
      [
        27.075172,
        1116.716309,
        -0.74095
      ],
      [
        31.551647,
        1116.903809,
        -0.833752
      ],
      [
        31.512865,
        1119.208862,
        -0.802067
      ]
    ],
    "center_point": [
      29.293537250157776,
      1117.9627358343423,
      -0.7741468149041418
    ],
    "parking_type": "2",
    "parking_target_type": "1",
    "parking_direction": "3",
    "distance": 4.764957737261602,
    "width": 2.3055969542741424,
    "length": 4.483124768825649,
    "angle": 121.48350840035798,
    "linked_left_list_idx": [],
    "linked_right_list_idx": [
      "A219BS010380"
    ]
  },
  {
    "idx": "P000009",
    "points": [
      [
        30.077114,
        1116.598999,
        -0.804615
      ],
      [
        25.571642,
        1116.4104,
        -0.715767
      ],
      [
        25.664841,
        1114.148438,
        -0.742379
      ],
      [
        30.163855,
        1114.358398,
        -0.843818
      ],
      [
        30.077114,
        1116.598999,
        -0.804615
      ]
    ],
    "center_point": [
      27.865780340113876,
      1115.3793371588838,
      -0.776563031718339
    ],
    "parking_type": "2",
    "parking_target_type": "1",
    "parking_direction": "3",
    "distance": 4.764294150275303,
    "width": 2.242622063008135,
    "length": 4.5102928389062535,
    "angle": 121.06658027456737,
    "linked_left_list_idx": [],
    "linked_right_list_idx": [
      "A219BS010380"
    ]
  },
  {
    "idx": "P000014",
    "points": [
      [
        28.641953,
        1114.034912,
        -0.810641
      ],
      [
        24.151875,
        1113.833496,
        -0.717305
      ],
      [
        24.242048,
        1111.595093,
        -0.744725
      ],
      [
        28.728163,
        1111.832397,
        -0.854127
      ],
      [
        28.641953,
        1114.034912,
        -0.810641
      ]
    ],
    "center_point": [
      26.43503108193632,
      1112.8238349223452,
      -0.7815621689920834
    ],
    "parking_type": "2",
    "parking_target_type": "1",
    "parking_direction": "3",
    "distance": 4.752815661662721,
    "width": 2.204630472782633,
    "length": 4.495562307435639,
    "angle": 121.55553216891407,
    "linked_left_list_idx": [],
    "linked_right_list_idx": [
      "A219BS010380"
    ]
  },
  {
    "idx": "P000020",
    "points": [
      [
        27.214525,
        1111.505737,
        -0.812381
      ],
      [
        22.628431,
        1111.280396,
        -0.714635
      ],
      [
        22.724403,
        1109.030396,
        -0.739304
      ],
      [
        27.30142,
        1109.307495,
        -0.848029
      ],
      [
        27.214525,
        1111.505737,
        -0.812381
      ]
    ],
    "center_point": [
      24.95844744759301,
      1110.2810153783837,
      -0.7783839842752482
    ],
    "parking_type": "2",
    "parking_target_type": "1",
    "parking_direction": "3",
    "distance": 4.699675598397477,
    "width": 2.200247579590243,
    "length": 4.592667092619813,
    "angle": 122.0973890826276,
    "linked_left_list_idx": [],
    "linked_right_list_idx": [
      "A219BS010380"
    ]
  },
  {
    "idx": "P000090",
    "points": [
      [
        19.959129,
        1095.782349,
        -0.790926
      ],
      [
        15.769564,
        1098.111084,
        -0.676747
      ],
      [
        14.665316,
        1096.119019,
        -0.679275
      ],
      [
        18.854837,
        1093.790527,
        -0.771063
      ],
      [
        19.959129,
        1095.782349,
        -0.790926
      ]
    ],
    "center_point": [
      17.31222068772718,
      1095.9507983612277,
      -0.7295025594860932
    ],
    "parking_type": "1",
    "parking_target_type": "1",
    "parking_direction": "3",
    "distance": 4.952662102718714,
    "width": 2.2775447832516553,
    "length": 4.794632252163891,
    "angle": 89.94503279411983,
    "linked_left_list_idx": [],
    "linked_right_list_idx": [
      "A219BS010380"
    ]
  },
  {
    "idx": "P000104",
    "points": [
      [
        21.172115,
        1097.976196,
        -0.812561
      ],
      [
        16.981565,
        1100.301636,
        -0.684805
      ],
      [
        15.879074,
        1098.308716,
        -0.676997
      ],
      [
        20.069878,
        1095.983887,
        -0.792724
      ],
      [
        21.172115,
        1097.976196,
        -0.812561
      ]
    ],
    "center_point": [
      18.52558619277496,
      1098.142683557234,
      -0.7417694195725885
    ],
    "parking_type": "1",
    "parking_target_type": "1",
    "parking_direction": "3",
    "distance": 4.9508101592708424,
    "width": 2.276974980586944,
    "length": 4.794236340819598,
    "angle": 89.98386851229552,
    "linked_left_list_idx": [],
    "linked_right_list_idx": [
      "A219BS010380"
    ]
  },
  {
    "idx": "P000119",
    "points": [
      [
        22.382956,
        1100.152954,
        -0.822689
      ],
      [
        18.186712,
        1102.479736,
        -0.696092
      ],
      [
        17.083063,
        1100.48584,
        -0.68579
      ],
      [
        21.27466,
        1098.161011,
        -0.81364
      ],
      [
        22.382956,
        1100.152954,
        -0.822689
      ]
    ],
    "center_point": [
      19.732122463929077,
      1100.320191066531,
      -0.7545568865308205
    ],
    "parking_type": "1",
    "parking_target_type": "1",
    "parking_direction": "3",
    "distance": 4.9531258712289095,
    "width": 2.2795260084644715,
    "length": 4.7998338495691115,
    "angle": 89.91314275141049,
    "linked_left_list_idx": [],
    "linked_right_list_idx": [
      "A219BS010380"
    ]
  },
  {
    "idx": "P000135",
    "points": [
      [
        23.598383,
        1102.348755,
        -0.830185
      ],
      [
        19.406189,
        1104.67981,
        -0.703236
      ],
      [
        18.268726,
        1102.628296,
        -0.69656
      ],
      [
        22.463669,
        1100.300781,
        -0.823087
      ],
      [
        23.598383,
        1102.348755,
        -0.830185
      ]
    ],
    "center_point": [
      20.93356507533012,
      1102.4897232137914,
      -0.7632471960176878
    ],
    "parking_type": "1",
    "parking_target_type": "1",
    "parking_direction": "3",
    "distance": 4.952694380826409,
    "width": 2.341329483023753,
    "length": 4.7983772251942085,
    "angle": 90.0490224103491,
    "linked_left_list_idx": [],
    "linked_right_list_idx": [
      "A219BS010380"
    ]
  },
  {
    "idx": "P000350",
    "points": [
      [
        10.883673,
        1089.773438,
        -0.685822
      ],
      [
        15.594653,
        1091.491821,
        -0.716647
      ],
      [
        16.260281,
        1089.312134,
        -0.774495
      ],
      [
        11.75636,
        1087.66272,
        -0.701731
      ],
      [
        10.883673,
        1089.773438,
        -0.685822
      ]
    ],
    "center_point": [
      13.61723235677981,
      1089.5760205775666,
      -0.7193868097110964
    ],
    "parking_type": "2",
    "parking_target_type": "1",
    "parking_direction": "3",
    "distance": 4.818519389643461,
    "width": 2.284067899991943,
    "length": 5.014690705887497,
    "angle": 139.0858605607058,
    "linked_left_list_idx": [],
    "linked_right_list_idx": [
      "A219BS010380"
    ]
  },
  {
    "idx": "P000377",
    "points": [
      [
        9.15029,
        1086.534424,
        -0.686362
      ],
      [
        13.656549,
        1088.176636,
        -0.716344
      ],
      [
        14.414687,
        1086.063843,
        -0.772054
      ],
      [
        9.933917,
        1084.384399,
        -0.706738
      ],
      [
        9.15029,
        1086.534424,
        -0.686362
      ]
    ],
    "center_point": [
      11.781712930797324,
      1086.2880950190333,
      -0.7202874390369095
    ],
    "parking_type": "2",
    "parking_target_type": "1",
    "parking_direction": "3",
    "distance": 4.804479900118392,
    "width": 2.2884697850593594,
    "length": 4.796262018316859,
    "angle": 139.0894737715764,
    "linked_left_list_idx": [],
    "linked_right_list_idx": [
      "A219BS010380"
    ]
  },
  {
    "idx": "P000405",
    "points": [
      [
        7.290465,
        1083.162354,
        -0.683429
      ],
      [
        11.763165,
        1084.808716,
        -0.721108
      ],
      [
        12.534986,
        1082.685669,
        -0.757593
      ],
      [
        8.065382,
        1081.046509,
        -0.706544
      ],
      [
        7.290465,
        1083.162354,
        -0.683429
      ]
    ],
    "center_point": [
      9.914290836404156,
      1082.926553430952,
      -0.717172203062933
    ],
    "parking_type": "2",
    "parking_target_type": "1",
    "parking_direction": "3",
    "distance": 4.791427489575837,
    "width": 2.2534042522679214,
    "length": 4.76623256168694,
    "angle": 139.0195271894512,
    "linked_left_list_idx": [],
    "linked_right_list_idx": [
      "A219BS010380"
    ]
  },
  {
    "idx": "P001710",
    "points": [
      [
        9.650784,
        1113.944214,
        -0.777828
      ],
      [
        12.107079,
        1112.580444,
        -0.716725
      ],
      [
        5.843508,
        1101.36499,
        -0.692431
      ],
      [
        3.386433,
        1102.734863,
        -0.729939
      ],
      [
        9.650784,
        1113.944214,
        -0.777828
      ]
    ],
    "center_point": [
      7.746818953014376,
      1107.655442076626,
      -0.7292250425779565
    ],
    "parking_type": "3",
    "parking_target_type": "6",
    "parking_direction": "3",
    "distance": 4.096978176272163,
    "width": 2.81015788106904,
    "length": 12.841103404642741,
    "angle": 0.25414358262393116,
    "linked_left_list_idx": [
      "A219BS010377"
    ],
    "linked_right_list_idx": []
  },
  {
    "idx": "P001769",
    "points": [
      [
        17.701672,
        1128.392456,
        -0.758793
      ],
      [
        20.102819,
        1126.986572,
        -0.719225
      ],
      [
        17.767338,
        1122.77478,
        -0.723394
      ],
      [
        15.308618,
        1124.225708,
        -0.786733
      ],
      [
        17.701672,
        1128.392456,
        -0.758793
      ]
    ],
    "center_point": [
      17.715329770837354,
      1125.584366927676,
      -0.7470562937306158
    ],
    "parking_type": "3",
    "parking_target_type": "1",
    "parking_direction": "3",
    "distance": 4.070732879379982,
    "width": 2.7827293011877834,
    "length": 4.805130277736579,
    "angle": 0.8548992587748987,
    "linked_left_list_idx": [
      "A219BS010377"
    ],
    "linked_right_list_idx": []
  },
  {
    "idx": "P001829",
    "points": [
      [
        15.205974,
        1124.040527,
        -0.786467
      ],
      [
        17.664785,
        1122.588989,
        -0.72342
      ],
      [
        15.359752,
        1118.40686,
        -0.729337
      ],
      [
        12.966876,
        1119.730835,
        -0.790191
      ],
      [
        15.205974,
        1124.040527,
        -0.786467
      ]
    ],
    "center_point": [
      15.30186313508476,
      1121.212326478667,
      -0.7575001929529338
    ],
    "parking_type": "3",
    "parking_target_type": "1",
    "parking_direction": "3",
    "distance": 4.060949609902123,
    "width": 2.8559917757889424,
    "length": 4.856646873784871,
    "angle": 1.5530995860856953,
    "linked_left_list_idx": [
      "A219BS010377"
    ],
    "linked_right_list_idx": []
  },
  {
    "idx": "P002079",
    "points": [
      [
        0.13121,
        1096.938354,
        -0.733993
      ],
      [
        2.651663,
        1095.602417,
        -0.687296
      ],
      [
        0.323886,
        1091.407104,
        -0.694371
      ],
      [
        -2.161301,
        1092.790161,
        -0.725765
      ],
      [
        0.13121,
        1096.938354,
        -0.733993
      ]
    ],
    "center_point": [
      0.24181386509723388,
      1094.1830996568403,
      -0.7102816998698196
    ],
    "parking_type": "3",
    "parking_target_type": "1",
    "parking_direction": "3",
    "distance": 4.114826430552642,
    "width": 2.8529969511001148,
    "length": 4.739533684905503,
    "angle": 0.14790490062044573,
    "linked_left_list_idx": [
      "A219BS010377"
    ],
    "linked_right_list_idx": []
  },
  {
    "idx": "P002144",
    "points": [
      [
        -2.264344,
        1092.60376,
        -0.725429
      ],
      [
        0.221854,
        1091.223145,
        -0.694155
      ],
      [
        -2.120557,
        1087.008423,
        -0.688124
      ],
      [
        -4.534086,
        1088.350098,
        -0.742022
      ],
      [
        -2.264344,
        1092.60376,
        -0.725429
      ]
    ],
    "center_point": [
      -2.1680338387572116,
      1089.807728202156,
      -0.7124175395448452
    ],
    "parking_type": "3",
    "parking_target_type": "1",
    "parking_direction": "3",
    "distance": 4.095743219208238,
    "width": 2.8439859944284347,
    "length": 4.821373713420031,
    "angle": 1.0001279777527505,
    "linked_left_list_idx": [
      "A219BS010377"
    ],
    "linked_right_list_idx": []
  }
]