[
  {
    "idx": "SSN000000",
    "link_id_list": [
      "A219BS010613",
      "A219BS010608",
      "A219BS010614"
    ],
    "point": [
      [
        133.59,
        1619.892,
        3.693001
      ]
    ],
    "intersection_controller_id": "IntTL1",
    "signal_id_list": [
      "C119BS010034"
    ]
  },
  {
    "idx": "SSN000001",
    "link_id_list": [
      "A219BS010612",
      "A219BS010609",
      "A219BS010611"
    ],
    "point": [
      [
        127.44,
        1607.89,
        3.893001
      ]
    ],
    "intersection_controller_id": "IntTL1",
    "signal_id_list": [
      "C119BS010072"
    ]
  },
  {
    "idx": "SSN000002",
    "link_id_list": [
      "A219BS010607",
      "A219BS010610"
    ],
    "point": [
      [
        139.099,
        1602.365,
        3.766001
      ]
    ],
    "intersection_controller_id": "IntTL1",
    "signal_id_list": [
      "C119BS010033"
    ]
  },
  {
    "idx": "SSN000003",
    "link_id_list": [
      "A219BS010622",
      "A219BS010621",
      "A219BS010623"
    ],
    "point": [
      [
        129.69,
        1509.05,
        4.012001
      ],
      [
        126.83,
        1509.07,
        4.031002
      ],
      [
        128.83,
        1475.424,
        3.722001
      ],
      [
        125.831,
        1475.421,
        3.739001
      ],
      [
        117.411,
        1480.479,
        1.758
      ],
      [
        123.772,
        1505.246,
        1.778
      ]
    ],
    "intersection_controller_id": "IntTL2",
    "signal_id_list": [
      "C119BS010035",
      "C119BS010036",
      "C119BS010037",
      "C119BS010038",
      "C119BS010053",
      "C119BS010054"
    ]
  },
  {
    "idx": "SSN000004",
    "link_id_list": [
      "A219BS010627",
      "A219BS010626",
      "A219BS010628"
    ],
    "point": [
      [
        125.45,
        1508.326,
        1.778
      ],
      [
        150.131,
        1505.625,
        1.778
      ],
      [
        157.438,
        1496.648,
        4.169001
      ],
      [
        157.405,
        1499.555,
        4.080001
      ],
      [
        124.55,
        1501.35,
        3.822001
      ],
      [
        124.527,
        1504.01,
        3.842001
      ]
    ],
    "intersection_controller_id": "IntTL2",
    "signal_id_list": [
      "C119BS010061",
      "C119BS010062",
      "C119BS010055",
      "C119BS010056",
      "C119BS010059",
      "C119BS010060"
    ]
  },
  {
    "idx": "SSN000005",
    "link_id_list": [
      "A219BS010629",
      "A219BS010624",
      "A219BS010625"
    ],
    "point": [
      [
        116.639,
        1484.407,
        3.765001
      ],
      [
        116.675,
        1481.984,
        3.722001
      ],
      [
        149.76,
        1479.93,
        4.112001
      ],
      [
        149.761,
        1477.679,
        4.107001
      ],
      [
        148.724,
        1471.293,
        1.705001
      ],
      [
        124.805,
        1474.775,
        1.796001
      ]
    ],
    "intersection_controller_id": "IntTL2",
    "signal_id_list": [
      "C119BS010051",
      "C119BS010052",
      "C119BS010079",
      "C119BS010080",
      "C119BS010078",
      "C119BS010081"
    ]
  },
  {
    "idx": "SSN000006",
    "link_id_list": [
      "A219BS010630",
      "A219BS010631",
      "A219BS010632",
      "A219BS010633",
      "A219BS010634"
    ],
    "point": [
      [
        140.284,
        1470.569,
        3.842001
      ],
      [
        143.14,
        1470.58,
        3.831001
      ],
      [
        141.39,
        1504.91,
        4.182001
      ],
      [
        144.34,
        1504.9,
        4.162001
      ],
      [
        156.69,
        1500.784,
        2.093
      ],
      [
        150.448,
        1475.888,
        2.085001
      ],
      [
        136.919,
        1470.507,
        3.842001
      ],
      [
        138.02,
        1505.0,
        4.182001
      ]
    ],
    "intersection_controller_id": "IntTL2",
    "signal_id_list": [
      "C119BS010028",
      "C119BS010029",
      "C119BS010031",
      "C119BS010032",
      "C119BS010057",
      "C119BS010058",
      "C119BS010027",
      "C119BS010030"
    ]
  },
  {
    "idx": "SSN000007",
    "link_id_list": [
      "LN000001"
    ],
    "point": [
      [
        64.37,
        1491.63,
        3.995999
      ],
      [
        64.362,
        1494.644,
        4.037
      ],
      [
        63.702,
        1504.503,
        2.038999
      ],
      [
        77.75,
        1496.01,
        1.966999
      ]
    ],
    "intersection_controller_id": "IntTL4",
    "signal_id_list": [
      "C119BS010063",
      "C119BS010064",
      "C119BS010067",
      "C119BS010068"
    ]
  },
  {
    "idx": "SSN000008",
    "link_id_list": [
      "A219BS010618"
    ],
    "point": [
      [
        73.486,
        1495.29,
        4.060999
      ],
      [
        76.089,
        1495.291,
        3.981999
      ],
      [
        78.594,
        1485.71,
        1.966
      ],
      [
        86.024,
        1494.749,
        1.951
      ]
    ],
    "intersection_controller_id": "IntTL4",
    "signal_id_list": [
      "C119BS010069",
      "C119BS010075",
      "C119BS010065",
      "C119BS010066"
    ]
  },
  {
    "idx": "SSN000009",
    "link_id_list": [
      "A219BS010616",
      "A219BS010615",
      "A219BS010617"
    ],
    "point": [
      [
        67.77,
        1485.08,
        4.095999
      ],
      [
        64.999,
        1485.114,
        4.018001
      ],
      [
        63.681,
        1484.365,
        2.178999
      ],
      [
        77.307,
        1477.167,
        1.962999
      ]
    ],
    "intersection_controller_id": "IntTL4",
    "signal_id_list": [
      "C119BS010076",
      "C119BS010077",
      "C119BS010070",
      "C119BS010071"
    ]
  },
  {
    "idx": "SSN000010",
    "link_id_list": [
      "A219BS010476",
      "A219BS010475",
      "A219BS010474"
    ],
    "point": [
      [
        145.97,
        1370.79,
        4.141999
      ]
    ],
    "intersection_controller_id": "IntTL5",
    "signal_id_list": [
      "C119BS010073"
    ]
  },
  {
    "idx": "SSN000011",
    "link_id_list": [
      "A219BS010466",
      "A219BS010467"
    ],
    "point": [
      [
        129.96,
        1380.6,
        3.671999
      ]
    ],
    "intersection_controller_id": "IntTL5",
    "signal_id_list": [
      "C119BS010039"
    ]
  },
  {
    "idx": "SSN000012",
    "link_id_list": [
      "A219BS010473",
      "A219BS010472"
    ],
    "point": [
      [
        122.027,
        1368.518,
        3.634999
      ]
    ],
    "intersection_controller_id": "IntTL5",
    "signal_id_list": [
      "C119BS010074"
    ]
  },
  {
    "idx": "SSN000013",
    "link_id_list": [
      "A219BS010471",
      "A219BS010470",
      "A219BS010469"
    ],
    "point": [
      [
        139.444,
        1360.371,
        3.711999
      ],
      [
        135.745,
        1360.374,
        3.711999
      ]
    ],
    "intersection_controller_id": "IntTL5",
    "signal_id_list": [
      "C119BS010025",
      "C119BS010026"
    ]
  },
  {
    "idx": "SSN000014",
    "link_id_list": [
      "A219BS010637",
      "A219BS010638"
    ],
    "point": [
      [
        101.733,
        1251.68,
        1.578
      ],
      [
        85.861,
        1256.931,
        1.665
      ],
      [
        99.198,
        1240.419,
        3.598
      ]
    ],
    "intersection_controller_id": "IntTL6",
    "signal_id_list": [
      "C119BS010017",
      "C119BS010018",
      "C119BS010022"
    ]
  },
  {
    "idx": "SSN000015",
    "link_id_list": [
      "A219BS010639",
      "A219BS010641"
    ],
    "point": [
      [
        80.346,
        1256.142,
        1.59
      ],
      [
        79.554,
        1244.742,
        1.526
      ],
      [
        89.433,
        1254.465,
        3.759
      ]
    ],
    "intersection_controller_id": "IntTL6",
    "signal_id_list": [
      "C119BS010015",
      "C119BS010016",
      "C119BS010023"
    ]
  },
  {
    "idx": "SSN000016",
    "link_id_list": [
      "A219BS010643",
      "A219BS010642"
    ],
    "point": [
      [
        93.814,
        1232.251,
        1.867
      ],
      [
        79.43,
        1235.04,
        1.424
      ],
      [
        81.75,
        1248.08,
        3.448
      ]
    ],
    "intersection_controller_id": "IntTL6",
    "signal_id_list": [
      "C119BS010013",
      "C119BS010014",
      "C119BS010024"
    ]
  },
  {
    "idx": "SSN000017",
    "link_id_list": [
      "A219BS010640",
      "A219BS010635",
      "A219BS010636"
    ],
    "point": [
      [
        100.579,
        1231.66,
        2.087
      ],
      [
        101.568,
        1243.929,
        1.613
      ],
      [
        90.24,
        1234.582,
        3.901
      ]
    ],
    "intersection_controller_id": "IntTL6",
    "signal_id_list": [
      "C119BS010019",
      "C119BS010020",
      "C119BS010021"
    ]
  },
  {
    "idx": "SSN000018",
    "link_id_list": [
      "A219BS010655",
      "A219BS010653",
      "A219BS010654"
    ],
    "point": [
      [
        79.3,
        1196.938,
        3.852
      ],
      [
        82.036,
        1211.547,
        1.855
      ],
      [
        66.498,
        1212.368,
        1.474
      ]
    ],
    "intersection_controller_id": "IntTL7",
    "signal_id_list": [
      "C119BS010007",
      "C119BS010010",
      "C119BS010011"
    ]
  },
  {
    "idx": "SSN000019",
    "link_id_list": [
      "A219BS010651",
      "A219BS010650",
      "A219BS010652"
    ],
    "point": [
      [
        53.693,
        1212.47,
        1.861
      ],
      [
        52.265,
        1199.914,
        1.523
      ],
      [
        70.147,
        1210.048,
        3.52
      ]
    ],
    "intersection_controller_id": "IntTL7",
    "signal_id_list": [
      "C119BS010004",
      "C119BS010006",
      "C119BS010012"
    ]
  },
  {
    "idx": "SSN000020",
    "link_id_list": [
      "A219BS010649",
      "A219BS010648",
      "A219BS010647"
    ],
    "point": [
      [
        67.5,
        1185.01,
        1.848
      ],
      [
        52.461,
        1188.272,
        1.635
      ],
      [
        54.631,
        1203.507,
        3.413
      ]
    ],
    "intersection_controller_id": "IntTL7",
    "signal_id_list": [
      "C119BS010002",
      "C119BS010003",
      "C119BS010005"
    ]
  },
  {
    "idx": "SSN000021",
    "link_id_list": [
      "A219BS010644",
      "A219BS010646",
      "A219BS010645"
    ],
    "point": [
      [
        64.093,
        1187.596,
        3.894
      ],
      [
        81.259,
        1200.377,
        1.856
      ],
      [
        79.065,
        1185.791,
        1.868
      ]
    ],
    "intersection_controller_id": "IntTL7",
    "signal_id_list": [
      "C119BS010001",
      "C119BS010008",
      "C119BS010009"
    ]
  },
  {
    "idx": "SSN000022",
    "link_id_list": [
      "A219BS010659",
      "A219BS010657"
    ],
    "point": [
      [
        112.76,
        1184.91,
        3.857998
      ],
      [
        99.224,
        1173.799,
        1.715
      ],
      [
        103.252,
        1187.156,
        1.886998
      ]
    ],
    "intersection_controller_id": "IntTL8",
    "signal_id_list": [
      "C119BS010040",
      "C119BS010048",
      "C119BS010049"
    ]
  },
  {
    "idx": "SSN000023",
    "link_id_list": [
      "A219BS010661",
      "A219BS010660"
    ],
    "point": [
      [
        118.975,
        1176.922,
        1.811999
      ],
      [
        99.053,
        1166.747,
        1.738
      ],
      [
        109.995,
        1163.373,
        1.686
      ],
      [
        101.173,
        1177.041,
        3.640998
      ],
      [
        113.031,
        1168.382,
        1.797
      ]
    ],
    "intersection_controller_id": "IntTL8",
    "signal_id_list": [
      "C119BS010042",
      "C119BS010044",
      "C119BS010045",
      "C119BS010047",
      "C119BS010050"
    ]
  },
  {
    "idx": "SSN000024",
    "link_id_list": [
      "A219BS010658",
      "A219BS010656"
    ],
    "point": [
      [
        120.959,
        1183.348,
        1.832
      ],
      [
        109.296,
        1187.147,
        1.907
      ],
      [
        106.474,
        1165.51,
        3.764998
      ]
    ],
    "intersection_controller_id": "IntTL8",
    "signal_id_list": [
      "C119BS010041",
      "C119BS010043",
      "C119BS010046"
    ]
  }
]